ID,SalesID,ProductID,quantity
1,1228,81,762
2,322,45,864
3,1129,1,338
4,529,6,408
5,182,66,546
6,1044,85,741
7,502,20,109
8,107,54,343
9,1221,64,809
10,1066,40,845
11,552,15,392
12,646,52,113
13,528,98,663
14,184,81,351
15,1802,79,388
16,1725,19,705
17,1527,87,291
18,1566,74,955
19,1778,37,443
20,773,10,836
21,1980,72,725
22,178,6,985
23,1064,6,508
24,369,27,519
25,1192,70,882
26,1423,19,383
27,1255,22,969
28,1595,69,43
29,108,64,541
30,67,98,814
31,270,31,530
32,572,68,183
33,1324,81,14
34,512,69,986
35,55,19,322
36,1523,100,809
37,727,86,594
38,1226,38,247
39,883,33,696
40,1309,18,500
41,1717,58,935
42,781,96,412
43,1328,98,164
44,836,96,313
45,1669,72,163
46,781,5,529
47,1300,78,703
48,587,80,20
49,1464,79,12
50,412,94,340
51,475,50,583
52,1239,32,10
53,1425,79,848
54,502,51,414
55,1451,46,469
56,1728,38,254
57,1286,45,883
58,285,16,683
59,1474,18,795
60,574,77,738
61,1923,43,50
62,1611,57,121
63,517,27,697
64,1903,47,984
65,953,75,127
66,376,62,719
67,1041,38,260
68,1238,43,407
69,504,68,842
70,1933,11,564
71,1882,77,265
72,1069,20,729
73,581,17,254
74,963,73,852
75,1392,21,429
76,157,26,215
77,1783,96,120
78,561,17,201
79,554,14,572
80,710,27,82
81,1125,33,240
82,1044,36,875
83,666,88,700
84,1870,7,50
85,1568,63,503
86,803,29,300
87,299,36,874
88,698,94,797
89,1240,55,95
90,551,54,723
91,619,93,977
92,1850,32,272
93,826,74,740
94,693,23,38
95,1182,3,855
96,634,98,47
97,27,17,879
98,566,91,492
99,238,76,456
100,1600,91,652
101,475,14,245
102,1152,57,936
103,1021,13,522
104,359,98,740
105,1408,59,932
106,1000,15,803
107,286,98,809
108,1754,57,369
109,1584,82,437
110,292,55,772
111,1250,33,717
112,1963,57,630
113,950,50,950
114,1588,20,23
115,1951,68,482
116,1440,62,870
117,1471,83,155
118,862,86,433
119,1147,52,712
120,510,30,90
121,103,8,574
122,1355,100,326
123,1942,66,982
124,471,30,655
125,408,52,831
126,212,100,144
127,1237,2,9
128,187,24,342
129,1150,56,262
130,927,94,615
131,450,83,340
132,1969,7,614
133,977,36,146
134,1053,3,650
135,1067,82,418
136,1822,31,988
137,912,68,239
138,474,53,333
139,415,8,671
140,212,27,36
141,1797,89,771
142,1289,73,456
143,1192,87,593
144,205,10,85
145,806,93,562
146,536,14,660
147,999,50,237
148,282,43,753
149,1442,91,333
150,880,31,497
151,1392,51,584
152,777,41,443
153,788,58,54
154,800,52,615
155,1932,52,463
156,364,92,42
157,1771,15,270
158,578,85,138
159,1174,97,782
160,1905,86,840
161,349,57,778
162,1952,25,687
163,1051,6,169
164,428,20,883
165,1645,60,3
166,956,55,137
167,1120,75,40
168,1,43,133
169,1014,64,862
170,969,36,628
171,1753,31,470
172,881,97,384
173,913,92,508
174,1661,93,264
175,155,25,617
176,1831,52,809
177,1204,96,539
178,578,82,905
179,1310,12,344
180,1008,83,29
181,985,26,570
182,1216,6,765
183,1450,15,733
184,694,76,339
185,456,70,797
186,524,8,132
187,977,55,791
188,260,51,32
189,1671,43,6
190,1980,24,412
191,233,4,399
192,1638,17,235
193,650,11,472
194,1278,50,970
195,957,71,511
196,437,50,820
197,2,10,27
198,1764,65,152
199,1108,80,738
200,1423,84,275
201,574,94,184
202,545,45,270
203,478,47,207
204,745,28,233
205,990,76,63
206,1261,43,200
207,1820,73,637
208,318,5,665
209,1370,31,280
210,1799,23,289
211,1810,68,749
212,946,19,17
213,118,58,385
214,1256,63,76
215,606,36,600
216,862,10,402
217,180,76,258
218,795,23,235
219,1330,17,306
220,450,17,918
221,840,26,881
222,739,87,632
223,424,99,466
224,1113,81,34
225,1998,100,352
226,353,64,444
227,1011,9,118
228,1263,78,631
229,739,26,35
230,1191,27,142
231,884,63,637
232,558,94,390
233,1208,25,821
234,838,47,12
235,819,20,741
236,1843,26,51
237,959,50,100
238,210,91,111
239,1797,23,938
240,1206,17,97
241,1073,3,864
242,1262,100,577
243,1990,89,446
244,1493,80,779
245,851,14,111
246,726,69,521
247,387,26,885
248,885,4,117
249,247,38,827
250,1474,40,102
251,806,87,105
252,1884,95,455
253,639,14,744
254,923,38,157
255,803,3,168
256,922,86,782
257,1737,25,306
258,1054,97,56
259,669,84,368
260,172,7,259
261,141,37,643
262,1011,49,86
263,240,1,700
264,773,2,156
265,1062,47,10
266,1381,86,504
267,1709,60,638
268,1585,6,416
269,462,95,275
270,1386,82,561
271,761,57,786
272,1746,52,725
273,11,51,843
274,1329,78,530
275,195,85,513
276,1554,58,929
277,264,39,78
278,282,49,667
279,377,50,707
280,646,65,335
281,1636,21,449
282,1941,4,829
283,1696,46,478
284,1117,73,411
285,13,31,103
286,908,61,90
287,1552,37,212
288,1049,87,276
289,1175,27,998
290,1157,77,341
291,1844,42,932
292,1127,69,629
293,1925,72,161
294,708,38,775
295,58,34,463
296,1159,72,395
297,1486,11,128
298,1171,2,123
299,1205,48,947
300,222,7,150
301,1689,82,484
302,492,49,5
303,305,91,674
304,1519,2,240
305,1914,48,980
306,385,71,806
307,919,32,771
308,841,78,126
309,1036,72,345
310,1433,26,435
311,469,16,635
312,1202,96,125
313,1519,24,1
314,1915,51,267
315,990,3,625
316,1641,40,253
317,455,69,610
318,1209,73,3
319,1222,10,785
320,1818,3,451
321,737,1,99
322,1850,1,651
323,1437,73,947
324,1016,38,532
325,947,20,289
326,801,30,259
327,1617,11,681
328,1834,48,924
329,1561,99,632
330,1190,39,972
331,1465,60,660
332,44,28,935
333,1832,85,465
334,795,24,602
335,122,6,54
336,1180,21,70
337,1700,34,706
338,916,33,250
339,500,1,328
340,1701,70,685
341,1537,19,943
342,1130,99,665
343,1174,82,442
344,1095,6,196
345,362,59,477
346,1375,87,536
347,1992,81,207
348,1446,39,12
349,1660,92,19
350,1673,87,550
351,513,18,452
352,1842,88,478
353,341,24,441
354,770,6,587
355,1941,60,865
356,464,27,502
357,1262,25,245
358,640,63,675
359,533,29,949
360,1254,77,310
361,312,71,935
362,1291,13,241
363,582,29,783
364,315,30,983
365,671,41,665
366,1612,12,126
367,1197,40,233
368,667,42,459
369,1587,94,219
370,1774,97,121
371,1608,20,990
372,1190,88,374
373,57,15,714
374,1400,97,283
375,1340,18,696
376,134,18,349
377,288,9,553
378,999,68,682
379,1399,40,970
380,1948,29,193
381,1919,97,552
382,448,19,579
383,913,67,649
384,1573,81,330
385,1664,59,443
386,670,73,364
387,1904,87,286
388,1336,5,723
389,1686,14,234
390,279,70,270
391,1993,87,945
392,1347,53,241
393,875,100,131
394,832,71,983
395,685,1,826
396,589,15,48
397,1070,56,781
398,372,82,849
399,61,7,760
400,841,64,441
401,1816,50,392
402,1325,39,482
403,1962,65,762
404,285,83,466
405,1441,80,25
406,231,12,435
407,425,53,280
408,939,90,570
409,1615,66,794
410,308,11,420
411,319,2,260
412,497,38,966
413,1374,89,110
414,446,89,819
415,1209,73,827
416,1508,40,243
417,161,37,769
418,1335,56,494
419,1356,92,292
420,1778,65,526
421,1269,42,39
422,1403,71,950
423,906,44,279
424,1910,58,958
425,309,74,94
426,866,55,427
427,1708,37,660
428,446,88,634
429,1016,64,610
430,1272,58,751
431,53,83,189
432,1692,47,706
433,827,86,414
434,1278,57,88
435,840,72,930
436,346,11,401
437,1915,18,93
438,1574,46,92
439,1349,96,303
440,1884,84,137
441,517,61,566
442,1737,56,210
443,189,92,786
444,438,75,163
445,1408,39,943
446,65,4,979
447,524,46,969
448,908,39,322
449,788,34,709
450,547,57,619
451,541,51,904
452,174,96,789
453,1654,35,562
454,1657,97,304
455,851,38,983
456,21,96,645
457,1570,91,393
458,1979,39,17
459,319,37,61
460,23,95,377
461,1862,69,191
462,78,34,140
463,778,3,255
464,1519,15,926
465,7,52,303
466,1775,46,957
467,1114,82,607
468,351,22,268
469,36,74,560
470,1272,96,660
471,658,20,604
472,1501,54,729
473,1968,87,434
474,438,87,378
475,446,15,776
476,1968,92,443
477,1895,26,4
478,856,22,516
479,1750,99,474
480,1478,68,459
481,917,95,430
482,1011,67,508
483,405,67,521
484,416,18,691
485,756,26,164
486,112,51,491
487,1795,78,484
488,1548,39,131
489,1054,41,501
490,610,86,540
491,251,50,139
492,681,31,715
493,599,36,687
494,868,65,565
495,1613,96,514
496,1963,21,364
497,1429,72,404
498,1321,26,123
499,106,82,345
500,1229,94,485
501,24,68,539
502,1005,92,648
503,778,64,318
504,673,43,639
505,926,60,66
506,471,39,815
507,1678,26,837
508,898,7,85
509,514,18,737
510,1601,79,647
511,1681,20,90
512,872,39,476
513,59,74,96
514,1013,43,15
515,1739,73,46
516,95,100,662
517,1131,89,293
518,991,99,308
519,1747,85,615
520,1874,55,741
521,523,77,260
522,270,97,933
523,1952,17,279
524,425,24,185
525,732,59,3
526,1030,7,690
527,1951,33,544
528,1131,80,34
529,361,43,736
530,1958,44,605
531,246,24,118
532,1612,67,285
533,1685,8,979
534,220,63,675
535,1615,93,247
536,604,74,414
537,1399,2,472
538,873,47,951
539,245,41,399
540,379,55,188
541,411,38,1
542,1724,6,73
543,623,68,64
544,565,45,68
545,1654,86,470
546,1453,38,208
547,1125,80,355
548,1743,64,900
549,1795,85,498
550,929,90,484
551,336,66,774
552,821,87,488
553,295,71,965
554,931,60,550
555,845,83,437
556,1457,52,936
557,532,85,450
558,1524,5,401
559,1602,23,842
560,1027,41,475
561,80,77,155
562,493,94,319
563,662,75,287
564,458,58,133
565,419,41,49
566,1877,64,544
567,1587,96,692
568,1258,87,727
569,1776,26,732
570,859,92,590
571,820,66,670
572,1688,21,354
573,1756,76,23
574,1171,48,170
575,1849,55,524
576,912,60,181
577,1713,13,595
578,685,90,9
579,1437,74,196
580,1578,57,335
581,1604,75,691
582,1380,55,182
583,986,99,212
584,1017,45,69
585,54,69,215
586,1084,67,712
587,1467,22,970
588,1136,28,682
589,249,52,92
590,1021,55,406
591,26,19,503
592,84,20,343
593,1486,92,67
594,111,15,354
595,1842,54,864
596,330,97,344
597,205,38,63
598,1465,46,965
599,1027,98,435
600,1954,2,429
601,75,92,831
602,9,2,143
603,1796,29,2
604,1096,8,20
605,1758,39,447
606,110,23,975
607,1572,53,411
608,1777,5,802
609,1716,2,684
610,909,45,3
611,57,54,98
612,1828,83,485
613,1147,50,53
614,1405,95,304
615,454,16,421
616,1023,66,583
617,698,48,294
618,1943,45,987
619,805,93,768
620,41,56,484
621,388,47,894
622,928,54,629
623,1009,7,357
624,1175,16,152
625,1006,9,703
626,1632,58,472
627,405,66,446
628,472,5,768
629,1240,88,125
630,881,33,980
631,1278,68,908
632,1884,39,996
633,46,1,280
634,1665,57,670
635,1383,86,502
636,570,24,430
637,672,20,428
638,1583,22,724
639,901,71,459
640,1281,63,753
641,1843,1,561
642,1781,76,591
643,1196,9,109
644,642,80,657
645,636,95,159
646,1018,92,825
647,565,24,768
648,357,51,34
649,1262,96,55
650,1105,35,568
651,1704,45,960
652,225,83,964
653,691,80,766
654,848,64,224
655,142,25,387
656,1934,87,216
657,168,15,581
658,1634,79,164
659,458,62,242
660,1541,95,485
661,1658,60,931
662,156,29,324
663,1460,38,438
664,1573,37,304
665,1139,39,135
666,641,32,604
667,831,61,589
668,501,19,892
669,335,3,213
670,962,100,88
671,145,58,98
672,1399,44,288
673,997,12,784
674,1837,56,729
675,1728,8,648
676,227,46,445
677,1874,24,186
678,366,47,102
679,1693,55,592
680,813,33,498
681,27,83,853
682,285,73,893
683,109,74,998
684,1805,42,196
685,1975,63,14
686,997,60,670
687,1700,38,419
688,1822,57,855
689,1310,56,355
690,1402,64,252
691,1402,87,887
692,1979,28,105
693,385,14,865
694,1942,81,725
695,1022,50,331
696,972,25,155
697,1334,100,884
698,424,49,37
699,1180,42,639
700,1377,62,341
701,76,82,273
702,1843,28,838
703,1710,36,315
704,1491,47,336
705,912,93,218
706,1087,24,726
707,664,31,673
708,596,37,249
709,321,43,455
710,1397,21,97
711,1203,4,918
712,591,95,461
713,1483,57,124
714,1406,80,735
715,894,54,488
716,752,6,759
717,775,50,50
718,1416,58,280
719,1796,19,640
720,315,32,409
721,1464,37,899
722,1998,14,332
723,1566,30,743
724,1915,14,838
725,617,99,694
726,961,1,644
727,228,66,558
728,876,56,667
729,1824,85,288
730,119,61,155
731,799,90,44
732,1152,65,217
733,1895,62,339
734,826,53,880
735,1457,39,800
736,501,14,818
737,56,80,465
738,212,50,821
739,1217,37,937
740,1471,9,68
741,1899,39,357
742,354,97,356
743,1698,82,940
744,124,39,313
745,1472,68,737
746,1423,37,983
747,403,60,541
748,1142,61,691
749,1157,67,268
750,1563,14,133
751,1854,64,388
752,69,59,997
753,153,32,146
754,1680,66,836
755,1252,62,491
756,618,55,627
757,237,45,667
758,1400,78,552
759,1507,51,313
760,556,96,577
761,331,62,488
762,886,20,702
763,1072,80,258
764,1021,65,504
765,330,23,717
766,1586,45,126
767,1655,87,354
768,1019,85,347
769,1362,56,835
770,1495,2,588
771,889,77,112
772,1867,74,287
773,296,74,447
774,55,16,656
775,691,39,551
776,1972,29,821
777,1030,14,414
778,742,86,309
779,751,32,36
780,1013,28,930
781,130,27,858
782,236,7,937
783,1314,9,630
784,1277,36,705
785,214,72,593
786,861,64,57
787,1315,10,808
788,1636,55,590
789,1753,86,483
790,1888,44,126
791,1637,26,111
792,1049,71,657
793,1446,90,74
794,1663,42,125
795,362,18,68
796,541,69,491
797,1151,72,756
798,854,43,312
799,1635,80,602
800,500,81,641
801,569,81,209
802,664,35,473
803,1118,90,159
804,227,47,923
805,758,11,294
806,1380,42,289
807,42,41,350
808,1901,27,580
809,72,10,968
810,965,55,915
811,644,92,899
812,1162,79,562
813,247,68,336
814,968,21,130
815,251,35,512
816,560,57,10
817,1383,52,539
818,1711,23,122
819,883,46,202
820,1875,81,961
821,342,66,202
822,1038,63,807
823,1151,60,757
824,123,10,51
825,731,87,724
826,1991,2,491
827,1022,48,874
828,167,66,266
829,359,68,176
830,1949,1,460
831,410,50,666
832,267,23,232
833,981,44,712
834,1192,64,391
835,1504,2,113
836,1995,46,989
837,1677,20,591
838,1081,36,974
839,1460,82,21
840,517,61,30
841,375,2,636
842,988,89,706
843,795,31,164
844,641,54,341
845,195,95,362
846,1073,71,344
847,410,3,236
848,451,12,270
849,277,61,214
850,1939,81,382
851,1794,32,132
852,477,37,995
853,1570,81,605
854,1867,7,696
855,1169,16,512
856,1840,71,830
857,1799,53,25
858,1969,85,134
859,359,18,568
860,273,72,775
861,1722,65,739
862,893,37,769
863,1062,21,693
864,1560,63,446
865,618,91,441
866,1928,5,321
867,648,25,690
868,714,96,727
869,1950,34,632
870,1298,23,317
871,1355,35,458
872,409,90,383
873,1783,95,970
874,1474,48,355
875,1024,41,891
876,1489,100,83
877,1917,55,108
878,789,83,656
879,1927,9,951
880,1239,23,725
881,1200,15,414
882,366,93,51
883,316,89,669
884,1298,20,904
885,1017,38,818
886,566,19,301
887,1228,93,716
888,1918,51,774
889,1163,10,497
890,1856,55,348
891,195,43,930
892,31,5,576
893,1908,14,140
894,561,13,509
895,1285,63,202
896,257,47,108
897,1100,57,167
898,902,8,173
899,1820,97,232
900,51,87,855
901,1514,7,175
902,1594,2,754
903,537,57,108
904,1989,86,174
905,1848,34,869
906,1750,86,945
907,1433,63,979
908,214,44,626
909,1278,6,191
910,1789,76,72
911,683,69,406
912,1976,69,673
913,1143,88,923
914,174,43,708
915,583,44,451
916,366,30,46
917,1395,7,365
918,1874,80,495
919,1110,82,505
920,879,91,444
921,1714,100,142
922,1473,86,361
923,898,15,487
924,358,49,255
925,1262,60,376
926,462,54,703
927,1658,56,875
928,1108,11,382
929,1110,62,73
930,1232,42,941
931,969,28,322
932,480,65,18
933,633,91,885
934,531,82,975
935,469,51,154
936,1664,50,964
937,157,67,295
938,550,30,724
939,1199,2,252
940,443,89,160
941,397,56,532
942,1761,46,925
943,1966,64,274
944,476,84,653
945,885,65,728
946,621,20,882
947,334,78,4
948,539,61,412
949,957,48,449
950,1784,93,973
951,750,66,533
952,170,69,342
953,1609,100,130
954,1635,7,988
955,767,6,20
956,145,73,447
957,1194,71,533
958,1489,39,506
959,105,86,816
960,1991,46,84
961,369,34,283
962,760,9,554
963,88,24,424
964,764,81,811
965,212,69,195
966,1751,33,44
967,1242,94,70
968,601,95,670
969,1508,8,631
970,1472,51,241
971,924,47,203
972,1902,68,475
973,1035,42,723
974,1324,45,821
975,1753,74,91
976,1662,49,133
977,155,71,487
978,1708,93,366
979,1963,65,125
980,1466,14,604
981,1229,6,277
982,887,16,416
983,110,11,200
984,1732,29,109
985,385,19,332
986,430,7,157
987,1867,100,674
988,1156,24,220
989,996,73,346
990,1398,52,191
991,829,61,528
992,315,68,747
993,601,10,371
994,693,42,406
995,584,25,649
996,500,73,75
997,323,59,56
998,1695,65,904
999,643,72,824
1000,37,92,42
1001,273,58,137
1002,466,60,973
1003,1961,40,503
1004,1360,66,74
1005,286,90,606
1006,43,26,788
1007,1094,27,541
1008,100,12,535
1009,1205,56,672
1010,384,20,394
1011,1459,80,522
1012,1864,3,312
1013,1022,16,874
1014,619,66,760
1015,59,98,627
1016,1999,1,560
1017,1737,92,197
1018,1676,81,698
1019,1884,95,845
1020,49,31,272
1021,1032,61,230
1022,437,7,595
1023,1620,28,224
1024,565,24,78
1025,822,80,71
1026,967,65,322
1027,498,23,909
1028,1049,20,146
1029,1976,2,87
1030,1707,57,653
1031,44,40,49
1032,227,76,935
1033,1278,31,217
1034,1767,16,862
1035,1597,94,423
1036,1598,82,33
1037,1722,14,436
1038,407,18,105
1039,132,40,82
1040,154,63,334
1041,1536,15,959
1042,416,51,16
1043,169,72,693
1044,1130,7,958
1045,1989,51,89
1046,1245,18,217
1047,389,91,301
1048,681,21,681
1049,1665,97,896
1050,1918,51,992
1051,1725,69,594
1052,933,35,732
1053,1448,40,245
1054,464,21,636
1055,1656,52,387
1056,165,89,589
1057,1142,89,662
1058,632,66,118
1059,1210,98,275
1060,603,27,476
1061,239,30,807
1062,215,76,817
1063,1405,93,887
1064,956,6,520
1065,752,12,324
1066,1646,59,929
1067,1064,64,122
1068,1936,57,14
1069,91,63,372
1070,1467,25,701
1071,989,93,39
1072,1834,2,713
1073,1129,86,383
1074,366,35,42
1075,991,35,888
1076,1188,20,293
1077,63,11,358
1078,1560,36,749
1079,51,32,836
1080,524,77,763
1081,1200,34,858
1082,505,39,367
1083,142,49,967
1084,310,31,433
1085,1917,72,789
1086,437,92,434
1087,213,40,483
1088,1995,24,846
1089,1272,35,333
1090,388,38,348
1091,1102,91,491
1092,1940,32,765
1093,1879,75,145
1094,1568,11,843
1095,729,20,711
1096,531,36,561
1097,1148,57,7
1098,941,84,358
1099,1285,65,496
1100,374,58,841
1101,184,42,208
1102,1889,7,466
1103,527,100,795
1104,1274,18,718
1105,1285,24,31
1106,247,19,172
1107,89,64,805
1108,1186,75,202
1109,1187,7,40
1110,1111,49,379
1111,671,62,528
1112,985,61,773
1113,527,97,341
1114,1731,56,106
1115,1556,55,983
1116,1059,26,347
1117,1636,17,841
1118,1644,98,551
1119,808,84,783
1120,505,1,719
1121,564,10,877
1122,1105,29,87
1123,1266,51,168
1124,151,10,531
1125,1767,15,219
1126,203,17,287
1127,137,80,723
1128,879,22,681
1129,1429,18,608
1130,281,71,568
1131,1010,61,898
1132,1111,26,975
1133,112,23,354
1134,979,72,404
1135,520,45,970
1136,1382,81,75
1137,1342,7,859
1138,232,18,296
1139,791,51,425
1140,1952,41,530
1141,876,31,307
1142,1204,35,206
1143,1584,99,124
1144,572,74,441
1145,193,97,375
1146,1152,96,65
1147,1279,18,939
1148,1484,40,564
1149,1280,97,877
1150,533,68,846
1151,127,74,379
1152,1563,75,792
1153,1694,88,116
1154,310,82,879
1155,1919,5,881
1156,314,99,665
1157,340,3,934
1158,1274,26,305
1159,1001,35,939
1160,326,56,691
1161,1742,58,753
1162,1356,70,855
1163,1796,28,613
1164,575,99,146
1165,1938,27,496
1166,711,42,853
1167,1885,67,446
1168,36,13,91
1169,191,50,697
1170,222,60,19
1171,172,47,583
1172,908,32,139
1173,146,61,59
1174,1159,83,274
1175,513,12,397
1176,1286,99,542
1177,1622,69,778
1178,1099,82,28
1179,576,11,99
1180,1315,19,855
1181,1893,58,798
1182,193,24,579
1183,1809,91,944
1184,340,38,867
1185,1315,57,320
1186,416,24,334
1187,1323,44,825
1188,1648,45,216
1189,382,80,517
1190,1655,12,90
1191,1195,4,116
1192,1398,71,922
1193,793,47,115
1194,416,44,697
1195,1499,41,479
1196,1472,89,535
1197,1192,65,500
1198,1524,82,100
1199,42,83,542
1200,991,68,935
1201,911,46,453
1202,1712,71,893
1203,1705,42,930
1204,493,6,476
1205,89,8,635
1206,945,96,616
1207,1522,56,959
1208,1078,96,319
1209,1545,26,987
1210,210,8,309
1211,424,67,403
1212,967,44,299
1213,1577,46,766
1214,285,31,542
1215,1122,26,754
1216,901,80,17
1217,680,74,314
1218,1946,39,827
1219,1229,5,591
1220,1477,1,688
1221,1234,84,711
1222,492,66,475
1223,747,64,743
1224,1208,71,116
1225,1310,35,740
1226,323,49,66
1227,1745,66,414
1228,679,47,478
1229,78,76,310
1230,10,39,833
1231,1877,48,30
1232,1273,9,461
1233,512,75,825
1234,762,75,265
1235,1892,72,376
1236,1720,16,195
1237,720,82,828
1238,223,9,381
1239,1364,31,132
1240,919,41,43
1241,1702,55,40
1242,1139,64,888
1243,650,67,28
1244,159,22,390
1245,859,55,183
1246,961,71,953
1247,226,81,456
1248,1013,47,57
1249,1038,95,329
1250,1526,79,778
1251,1093,45,48
1252,1893,70,382
1253,1861,25,453
1254,533,98,447
1255,713,12,528
1256,461,13,8
1257,142,94,403
1258,492,87,609
1259,1614,29,556
1260,276,46,770
1261,1011,86,16
1262,770,11,946
1263,546,78,496
1264,1597,96,603
1265,1867,75,931
1266,1790,45,71
1267,1450,28,469
1268,280,76,606
1269,1735,39,487
1270,237,67,244
1271,805,67,361
1272,1314,97,149
1273,1342,78,960
1274,94,10,535
1275,65,4,7
1276,178,54,555
1277,1296,57,871
1278,1494,87,696
1279,1990,12,969
1280,1187,3,23
1281,187,57,441
1282,1884,82,787
1283,933,43,352
1284,1781,88,848
1285,1919,60,176
1286,529,31,682
1287,843,69,598
1288,1435,38,795
1289,434,40,901
1290,1127,40,634
1291,326,55,9
1292,1187,66,911
1293,357,54,645
1294,53,4,264
1295,950,43,420
1296,934,85,670
1297,300,59,298
1298,555,52,352
1299,440,5,705
1300,1968,44,403
1301,1146,1,46
1302,851,79,251
1303,1374,41,551
1304,148,23,513
1305,509,97,827
1306,1588,13,161
1307,1486,29,879
1308,702,48,751
1309,1090,70,87
1310,675,98,873
1311,673,37,98
1312,278,62,87
1313,854,100,871
1314,719,80,39
1315,1916,66,656
1316,154,56,967
1317,1306,22,713
1318,180,4,505
1319,541,19,334
1320,62,73,565
1321,80,54,49
1322,1603,22,159
1323,1501,83,772
1324,1674,24,201
1325,1017,58,332
1326,13,18,835
1327,1774,55,898
1328,1043,20,928
1329,640,20,14
1330,323,66,695
1331,1802,6,360
1332,1863,100,811
1333,303,57,609
1334,1260,85,673
1335,288,90,755
1336,1797,99,775
1337,1549,49,12
1338,1436,8,571
1339,1795,94,916
1340,6,20,410
1341,672,65,816
1342,368,29,917
1343,632,56,488
1344,1990,94,742
1345,124,86,911
1346,1664,87,133
1347,1803,63,11
1348,525,81,140
1349,1378,10,670
1350,918,29,750
1351,694,74,314
1352,113,32,480
1353,922,10,656
1354,1641,18,749
1355,1448,63,111
1356,414,85,279
1357,1983,74,782
1358,118,100,709
1359,1125,79,25
1360,1283,24,872
1361,1352,34,605
1362,1908,82,561
1363,1667,69,860
1364,986,98,238
1365,210,70,68
1366,1182,52,554
1367,1935,96,83
1368,1597,86,724
1369,636,76,9
1370,1330,1,68
1371,413,30,560
1372,90,21,456
1373,1815,13,630
1374,1307,86,610
1375,549,50,304
1376,922,24,128
1377,352,59,870
1378,845,65,197
1379,290,4,490
1380,1638,14,222
1381,1247,85,264
1382,1474,88,540
1383,706,70,951
1384,1016,80,476
1385,410,4,968
1386,1616,28,280
1387,1777,15,430
1388,281,46,968
1389,1720,37,426
1390,1802,51,797
1391,1068,41,309
1392,1369,42,389
1393,330,54,865
1394,1591,85,853
1395,122,23,490
1396,187,72,206
1397,1312,52,270
1398,1401,25,50
1399,1302,70,969
1400,632,58,744
1401,861,16,636
1402,1519,33,483
1403,1303,24,835
1404,233,90,574
1405,1880,100,185
1406,601,86,289
1407,545,75,450
1408,1621,7,80
1409,1754,96,748
1410,1657,86,416
1411,808,89,759
1412,1560,76,604
1413,1772,99,738
1414,1184,37,337
1415,660,4,805
1416,1503,47,447
1417,718,85,69
1418,1703,86,700
1419,1062,33,33
1420,1181,88,965
1421,599,22,515
1422,9,13,847
1423,1169,57,479
1424,1238,15,333
1425,1629,72,383
1426,562,56,687
1427,1800,35,836
1428,1425,36,835
1429,261,75,572
1430,1029,61,852
1431,1264,60,718
1432,330,76,915
1433,1096,39,884
1434,1785,73,254
1435,277,79,210
1436,1241,33,939
1437,443,12,983
1438,828,6,541
1439,1861,89,663
1440,1943,84,553
1441,1679,7,863
1442,34,40,983
1443,931,92,345
1444,365,61,267
1445,1328,73,313
1446,94,59,944
1447,1328,22,552
1448,1378,47,452
1449,1091,13,634
1450,1177,52,874
1451,1926,64,196
1452,67,95,36
1453,1014,22,832
1454,1076,68,658
1455,19,7,750
1456,463,2,967
1457,267,27,708
1458,925,72,671
1459,1671,27,883
1460,923,12,914
1461,1975,36,398
1462,787,79,398
1463,1662,51,423
1464,579,97,432
1465,508,76,217
1466,1465,77,289
1467,1600,34,969
1468,1925,79,114
1469,1610,39,24
1470,360,48,866
1471,359,69,777
1472,401,31,373
1473,1424,42,624
1474,738,94,181
1475,1486,53,506
1476,505,79,437
1477,968,37,977
1478,699,45,690
1479,684,20,725
1480,98,58,715
1481,760,98,677
1482,1049,31,836
1483,652,89,437
1484,1262,2,381
1485,304,32,405
1486,1233,48,937
1487,988,66,68
1488,1881,30,387
1489,789,45,119
1490,1225,14,137
1491,739,33,952
1492,868,63,431
1493,1587,96,985
1494,1986,15,456
1495,1379,95,745
1496,1053,91,377
1497,115,72,373
1498,208,14,135
1499,702,28,866
1500,973,70,424
1501,409,85,541
1502,1602,77,180
1503,1463,64,551
1504,1001,49,308
1505,1317,41,770
1506,974,13,748
1507,13,50,836
1508,1453,89,662
1509,398,3,88
1510,282,16,454
1511,1018,39,455
1512,1,77,823
1513,1920,4,37
1514,1984,66,658
1515,729,33,901
1516,461,69,165
1517,1189,82,278
1518,738,97,122
1519,1006,26,536
1520,1035,99,429
1521,1884,99,60
1522,1760,47,187
1523,1312,26,214
1524,1873,64,196
1525,1564,18,938
1526,413,96,413
1527,1369,91,592
1528,557,79,521
1529,1936,58,203
1530,976,87,773
1531,511,51,74
1532,559,23,6
1533,1114,80,570
1534,1203,38,462
1535,700,52,350
1536,620,19,612
1537,1563,76,778
1538,942,70,952
1539,569,92,121
1540,103,42,436
1541,143,77,128
1542,1289,90,725
1543,914,37,845
1544,183,55,475
1545,1718,44,212
1546,1270,12,184
1547,1751,19,543
1548,1422,20,248
1549,1227,45,202
1550,550,79,751
1551,863,50,550
1552,1518,56,188
1553,436,45,487
1554,314,1,370
1555,766,70,975
1556,272,66,337
1557,427,31,20
1558,1282,57,60
1559,1783,63,346
1560,1450,81,835
1561,343,1,932
1562,331,39,532
1563,671,2,863
1564,1231,53,929
1565,1241,86,44
1566,1109,21,82
1567,561,100,873
1568,47,99,988
1569,177,79,380
1570,810,93,998
1571,361,69,791
1572,1595,70,100
1573,51,98,20
1574,39,33,553
1575,872,5,188
1576,1819,8,754
1577,1182,92,304
1578,758,26,167
1579,306,94,916
1580,1960,44,800
1581,1323,58,571
1582,1927,74,282
1583,1301,1,923
1584,1970,82,848
1585,90,76,113
1586,599,90,921
1587,797,40,403
1588,1296,27,378
1589,1669,67,121
1590,1497,9,962
1591,1480,96,150
1592,342,53,299
1593,567,64,842
1594,183,100,390
1595,1664,20,758
1596,1632,76,693
1597,1443,28,938
1598,1317,86,290
1599,1539,99,548
1600,1325,99,987
1601,109,34,396
1602,1042,20,681
1603,1381,15,248
1604,65,42,12
1605,239,4,289
1606,313,11,149
1607,1770,20,325
1608,782,54,541
1609,629,74,425
1610,1701,79,528
1611,1613,39,258
1612,1614,12,422
1613,1184,65,470
1614,65,35,883
1615,1008,53,5
1616,1490,89,463
1617,1479,2,954
1618,1836,37,941
1619,1173,7,356
1620,1264,66,598
1621,1377,63,325
1622,1021,59,821
1623,1378,55,923
1624,285,86,273
1625,1512,21,186
1626,1606,47,261
1627,1248,74,20
1628,1672,29,29
1629,1126,33,475
1630,1246,40,157
1631,197,15,925
1632,109,92,670
1633,1214,44,793
1634,1262,92,901
1635,1256,58,469
1636,1635,27,686
1637,1537,95,92
1638,476,51,682
1639,1086,10,51
1640,1675,95,857
1641,699,69,549
1642,1970,61,574
1643,459,59,915
1644,1092,7,538
1645,264,26,236
1646,1360,29,57
1647,218,18,306
1648,85,55,623
1649,1817,66,980
1650,497,46,753
1651,334,42,741
1652,1758,46,64
1653,558,79,560
1654,459,16,133
1655,364,54,626
1656,1071,7,499
1657,757,44,981
1658,946,52,777
1659,1749,26,417
1660,879,83,509
1661,1269,83,517
1662,1063,68,987
1663,1787,89,780
1664,1527,77,593
1665,1055,95,301
1666,1163,9,367
1667,1343,61,34
1668,1258,50,448
1669,1812,91,575
1670,814,55,754
1671,1489,37,498
1672,988,31,585
1673,1235,71,235
1674,631,97,596
1675,1800,83,105
1676,1945,11,40
1677,194,54,375
1678,1075,42,749
1679,296,78,587
1680,720,85,549
1681,273,72,702
1682,1232,84,17
1683,1712,19,794
1684,1339,59,38
1685,1071,80,207
1686,89,97,680
1687,848,28,565
1688,1007,59,739
1689,138,67,94
1690,1772,74,535
1691,133,42,413
1692,945,50,449
1693,342,29,538
1694,279,66,175
1695,700,31,754
1696,1897,91,40
1697,174,26,920
1698,1446,55,820
1699,590,23,62
1700,1510,87,762
1701,1083,53,833
1702,1152,30,622
1703,1853,76,524
1704,1367,34,535
1705,1483,27,466
1706,1111,34,298
1707,1966,40,421
1708,1969,95,24
1709,802,42,92
1710,15,18,399
1711,1848,63,694
1712,858,42,977
1713,911,82,989
1714,1679,36,342
1715,735,9,200
1716,970,89,44
1717,964,96,849
1718,1450,94,70
1719,1878,10,527
1720,748,55,626
1721,1695,59,234
1722,717,37,485
1723,1030,60,977
1724,552,24,432
1725,1589,5,813
1726,691,9,82
1727,1887,100,154
1728,1592,74,842
1729,1890,100,994
1730,1373,21,555
1731,1687,78,551
1732,1968,42,464
1733,1788,96,879
1734,1293,33,974
1735,1150,47,644
1736,1275,71,114
1737,625,80,909
1738,1338,1,882
1739,407,16,305
1740,507,26,842
1741,929,48,21
1742,351,52,363
1743,947,78,762
1744,306,16,88
1745,89,62,144
1746,1357,51,872
1747,1221,37,686
1748,855,7,129
1749,717,15,641
1750,32,10,330
1751,1833,25,624
1752,1528,22,962
1753,622,87,954
1754,1403,7,820
1755,46,65,444
1756,1996,40,240
1757,1956,25,945
1758,243,28,282
1759,1370,38,777
1760,1995,71,153
1761,1209,62,221
1762,1954,47,489
1763,1231,6,423
1764,421,82,104
1765,737,62,230
1766,1360,64,438
1767,882,22,120
1768,843,37,136
1769,1667,22,357
1770,120,53,655
1771,745,25,69
1772,1309,71,520
1773,576,5,761
1774,1244,85,843
1775,1697,71,288
1776,535,38,89
1777,1190,44,663
1778,1782,79,718
1779,1202,55,747
1780,855,81,887
1781,45,23,693
1782,672,76,700
1783,1496,34,728
1784,1966,36,151
1785,120,43,237
1786,495,68,778
1787,444,72,528
1788,1013,92,66
1789,1638,82,903
1790,935,86,306
1791,916,69,754
1792,546,99,617
1793,443,53,57
1794,411,57,556
1795,847,9,219
1796,247,2,616
1797,121,2,707
1798,792,69,168
1799,1682,53,636
1800,1938,14,344
1801,212,73,935
1802,1614,54,211
1803,1266,84,281
1804,839,18,613
1805,747,58,833
1806,1255,85,405
1807,1005,9,842
1808,1336,99,958
1809,1952,63,559
1810,1474,6,874
1811,1570,95,710
1812,1140,13,672
1813,1878,88,842
1814,1485,24,668
1815,735,75,861
1816,289,80,332
1817,703,12,401
1818,1300,74,442
1819,1111,45,806
1820,1407,33,506
1821,1563,36,305
1822,366,39,609
1823,1779,66,617
1824,1075,70,990
1825,623,75,948
1826,1132,100,546
1827,407,35,623
1828,310,51,988
1829,259,25,450
1830,948,68,989
1831,1534,67,241
1832,703,34,39
1833,1871,78,596
1834,1140,86,87
1835,985,52,806
1836,1764,66,280
1837,1175,78,914
1838,379,78,738
1839,1704,93,783
1840,1127,69,531
1841,424,61,24
1842,1792,90,196
1843,1485,88,764
1844,1975,83,932
1845,645,29,731
1846,1514,25,730
1847,8,61,689
1848,474,88,65
1849,1063,32,506
1850,1635,79,695
1851,1026,77,635
1852,1824,18,810
1853,1303,8,121
1854,120,50,61
1855,170,43,430
1856,1772,10,412
1857,753,36,980
1858,164,60,634
1859,161,65,245
1860,1262,79,426
1861,368,79,689
1862,29,73,55
1863,968,55,193
1864,1907,63,744
1865,986,36,972
1866,756,3,219
1867,781,43,333
1868,1934,86,380
1869,141,42,838
1870,1438,91,113
1871,531,85,237
1872,331,20,614
1873,991,50,365
1874,782,46,893
1875,384,26,568
1876,575,36,228
1877,217,38,835
1878,1395,42,709
1879,1462,39,713
1880,1963,33,188
1881,870,35,561
1882,1720,25,453
1883,40,42,625
1884,342,59,64
1885,337,58,727
1886,1224,51,437
1887,1223,28,548
1888,1814,95,618
1889,128,36,535
1890,953,48,131
1891,1719,91,446
1892,1998,85,968
1893,42,18,271
1894,1265,57,971
1895,1721,80,412
1896,1044,95,470
1897,1271,33,786
1898,529,40,273
1899,1314,10,934
1900,703,94,506
1901,1876,57,72
1902,1974,81,408
1903,1304,47,260
1904,1806,49,405
1905,601,78,942
1906,1721,89,273
1907,530,61,533
1908,1443,4,533
1909,11,46,346
1910,743,79,448
1911,1823,48,110
1912,104,75,393
1913,676,75,861
1914,219,18,350
1915,296,46,383
1916,420,62,618
1917,831,49,359
1918,1877,81,471
1919,652,58,2
1920,388,75,636
1921,151,51,305
1922,802,73,955
1923,1465,2,60
1924,10,44,849
1925,747,6,600
1926,1992,26,575
1927,1154,43,885
1928,1556,33,790
1929,1285,66,992
1930,1375,25,63
1931,669,80,599
1932,680,72,239
1933,1159,4,963
1934,736,57,255
1935,1056,64,877
1936,1501,53,370
1937,1818,69,753
1938,868,4,576
1939,1030,50,534
1940,331,42,648
1941,1599,96,611
1942,1917,95,936
1943,775,69,282
1944,839,31,234
1945,1489,30,138
1946,1846,23,515
1947,1609,79,23
1948,447,86,431
1949,1131,64,803
1950,455,82,203
1951,1906,62,799
1952,553,62,747
1953,1069,94,69
1954,1796,15,817
1955,1810,48,2
1956,1478,90,380
1957,743,49,423
1958,1272,32,18
1959,1286,45,652
1960,591,50,891
1961,1364,12,822
1962,600,8,448
1963,1692,14,12
1964,1390,88,742
1965,1304,38,642
1966,1431,50,702
1967,698,15,631
1968,809,75,669
1969,1588,44,431
1970,592,46,10
1971,407,49,251
1972,266,7,583
1973,489,69,429
1974,961,37,978
1975,1157,8,899
1976,827,33,688
1977,1216,29,977
1978,733,78,36
1979,79,60,285
1980,104,81,975
1981,1878,14,571
1982,64,37,370
1983,1362,63,431
1984,1169,66,901
1985,1835,43,251
1986,652,22,138
1987,1570,99,763
1988,118,83,765
1989,840,44,8
1990,749,80,469
1991,815,99,733
1992,651,15,504
1993,256,66,331
1994,1846,65,364
1995,1757,27,854
1996,321,54,726
1997,64,34,197
1998,1390,57,393
1999,649,40,231
2000,539,27,412
2001,543,56,392
2002,356,17,317
2003,1569,56,679
2004,1623,99,597
2005,1512,72,297
2006,1930,93,597
2007,1614,83,208
2008,12,55,704
2009,689,69,359
2010,495,91,150
2011,1493,20,470
2012,1255,87,221
2013,775,76,589
2014,711,4,370
2015,412,73,663
2016,646,42,379
2017,1305,40,126
2018,789,82,853
2019,200,14,487
2020,1140,73,152
2021,720,25,654
2022,1829,80,582
2023,1359,19,336
2024,189,81,245
2025,243,6,619
2026,905,21,824
2027,1600,66,328
2028,702,69,198
2029,1567,98,192
2030,812,96,69
2031,298,61,357
2032,1997,24,74
2033,1240,79,947
2034,656,26,16
2035,877,43,243
2036,1586,74,466
2037,1866,83,989
2038,251,77,688
2039,463,2,971
2040,1855,20,980
2041,1049,53,554
2042,1472,33,240
2043,1471,61,291
2044,481,33,96
2045,1832,4,363
2046,122,1,590
2047,1279,28,811
2048,501,30,790
2049,1,96,217
2050,240,50,225
2051,1718,40,323
2052,1590,2,304
2053,1649,27,175
2054,427,35,71
2055,769,34,87
2056,1103,74,615
2057,1241,34,8
2058,1387,52,626
2059,1023,18,392
2060,901,51,832
2061,1539,14,614
2062,887,75,907
2063,403,65,147
2064,1436,5,604
2065,382,6,494
2066,1684,26,145
2067,1865,1,104
2068,1393,29,263
2069,1652,68,757
2070,648,83,933
2071,1556,20,445
2072,210,26,527
2073,176,66,925
2074,464,18,749
2075,1998,19,509
2076,1979,7,149
2077,715,85,99
2078,967,7,849
2079,1005,11,108
2080,166,74,654
2081,1846,29,38
2082,631,42,518
2083,1659,4,815
2084,601,20,778
2085,38,13,239
2086,1248,52,650
2087,1477,4,32
2088,1107,23,778
2089,45,23,680
2090,299,69,466
2091,112,33,637
2092,841,73,287
2093,1817,88,679
2094,1966,31,426
2095,77,43,596
2096,736,5,114
2097,1181,69,628
2098,764,58,132
2099,588,14,895
2100,607,67,9
2101,183,36,703
2102,787,54,74
2103,649,84,388
2104,1226,47,568
2105,95,42,850
2106,1350,84,894
2107,1079,65,623
2108,773,36,498
2109,377,56,155
2110,545,25,298
2111,570,58,363
2112,22,39,369
2113,619,54,547
2114,1122,31,776
2115,1062,85,498
2116,1507,29,721
2117,923,84,547
2118,965,45,496
2119,279,81,413
2120,358,78,346
2121,143,43,785
2122,159,79,539
2123,1174,1,251
2124,509,70,621
2125,1169,90,577
2126,1003,14,674
2127,1186,4,109
2128,798,62,528
2129,663,55,271
2130,1593,97,117
2131,572,49,814
2132,1843,26,538
2133,305,39,998
2134,166,30,367
2135,561,78,580
2136,309,65,669
2137,1617,78,329
2138,182,98,443
2139,1083,73,576
2140,551,5,935
2141,52,50,982
2142,1411,35,83
2143,704,53,930
2144,267,93,248
2145,183,17,134
2146,1977,35,849
2147,665,39,375
2148,333,37,276
2149,1552,44,118
2150,1606,82,588
2151,1977,97,755
2152,1216,7,97
2153,309,71,239
2154,79,82,91
2155,1941,96,20
2156,1361,19,159
2157,744,81,623
2158,889,85,37
2159,1450,41,631
2160,90,74,732
2161,1264,91,888
2162,249,34,311
2163,417,15,179
2164,343,89,216
2165,1696,13,865
2166,465,20,742
2167,1171,85,326
2168,1214,51,931
2169,1362,42,685
2170,1050,14,164
2171,541,91,736
2172,572,84,131
2173,115,37,539
2174,369,59,715
2175,1137,71,414
2176,50,40,879
2177,1385,1,370
2178,501,42,236
2179,610,18,662
2180,1221,25,427
2181,1743,12,321
2182,1985,47,174
2183,587,88,114
2184,1775,47,834
2185,1952,53,357
2186,1818,42,287
2187,1492,63,915
2188,1765,59,508
2189,108,60,342
2190,593,84,841
2191,1005,95,740
2192,395,99,693
2193,1636,92,615
2194,1484,96,371
2195,1038,91,871
2196,1169,63,822
2197,274,78,646
2198,96,33,832
2199,843,16,765
2200,472,86,511
2201,334,42,113
2202,1105,66,608
2203,530,13,843
2204,1911,35,141
2205,400,49,634
2206,1781,4,118
2207,1495,51,129
2208,627,60,795
2209,1447,70,314
2210,1548,43,520
2211,790,25,385
2212,16,78,592
2213,1372,38,70
2214,551,96,247
2215,1622,90,257
2216,197,58,56
2217,1461,30,498
2218,1622,2,11
2219,2,86,920
2220,988,32,280
2221,238,53,773
2222,1134,56,469
2223,1830,90,637
2224,718,61,259
2225,288,42,639
2226,108,57,612
2227,1915,1,678
2228,1278,46,905
2229,58,9,74
2230,655,19,392
2231,605,12,291
2232,77,25,674
2233,9,2,971
2234,1818,55,694
2235,1735,65,308
2236,1397,58,233
2237,295,69,839
2238,1165,85,941
2239,751,16,947
2240,1349,97,36
2241,1401,25,33
2242,233,86,533
2243,860,46,361
2244,1866,67,313
2245,1243,25,285
2246,411,56,637
2247,1266,26,416
2248,346,87,369
2249,1798,29,697
2250,1437,53,315
2251,1700,52,705
2252,694,91,315
2253,1617,59,34
2254,1916,36,920
2255,1667,10,118
2256,282,85,101
2257,81,83,252
2258,778,37,168
2259,155,65,295
2260,956,8,388
2261,1415,23,826
2262,1639,32,618
2263,3,8,552
2264,1073,49,591
2265,687,50,892
2266,1078,28,20
2267,913,10,186
2268,1921,95,855
2269,1012,5,240
2270,988,51,390
2271,848,42,957
2272,1101,29,582
2273,17,97,743
2274,1809,52,167
2275,1418,62,382
2276,859,68,924
2277,509,2,113
2278,769,75,691
2279,939,44,525
2280,1741,55,977
2281,1829,78,243
2282,1281,39,614
2283,1144,33,338
2284,1889,60,174
2285,469,15,533
2286,715,68,969
2287,1823,32,259
2288,369,47,801
2289,725,54,371
2290,140,39,976
2291,1294,55,246
2292,1998,93,394
2293,1055,96,47
2294,1902,14,552
2295,1525,98,57
2296,1895,27,912
2297,1986,40,745
2298,705,75,734
2299,1729,33,410
2300,1621,96,47
2301,1323,57,458
2302,1309,16,760
2303,360,26,987
2304,209,92,988
2305,1372,3,339
2306,252,89,973
2307,343,73,218
2308,959,49,38
2309,820,16,34
2310,546,27,187
2311,762,41,103
2312,1558,31,476
2313,808,65,514
2314,1551,31,704
2315,1040,15,152
2316,1276,65,32
2317,948,11,151
2318,1952,17,377
2319,350,19,221
2320,1790,19,52
2321,17,91,503
2322,1511,47,928
2323,1933,61,973
2324,1872,65,996
2325,1093,27,661
2326,1208,9,293
2327,1187,2,268
2328,1696,61,88
2329,1502,10,725
2330,18,80,771
2331,359,57,699
2332,24,26,772
2333,1686,94,291
2334,1975,32,780
2335,76,56,703
2336,1408,68,302
2337,1175,100,772
2338,890,68,657
2339,420,14,415
2340,1659,46,769
2341,1272,78,865
2342,1124,76,500
2343,169,80,39
2344,267,12,155
2345,728,21,606
2346,1017,30,916
2347,789,94,599
2348,1807,75,106
2349,472,35,517
2350,189,66,634
2351,1965,80,54
2352,778,38,745
2353,1168,8,523
2354,1210,10,323
2355,915,22,113
2356,1899,53,784
2357,988,94,199
2358,1228,54,76
2359,1791,79,791
2360,1148,67,617
2361,949,1,878
2362,1919,40,471
2363,1782,64,772
2364,1893,90,983
2365,495,99,547
2366,1730,78,540
2367,1744,95,245
2368,1015,49,829
2369,546,74,109
2370,1486,87,910
2371,891,62,330
2372,586,36,812
2373,1044,85,985
2374,519,53,607
2375,318,60,579
2376,592,28,979
2377,1531,27,62
2378,753,66,410
2379,987,44,470
2380,1489,36,66
2381,1688,33,521
2382,1950,70,307
2383,61,97,581
2384,458,91,449
2385,330,64,773
2386,1745,18,227
2387,995,17,420
2388,30,8,621
2389,898,56,430
2390,1483,16,619
2391,1615,53,517
2392,904,5,411
2393,1233,56,4
2394,1028,15,324
2395,1571,56,61
2396,1683,78,214
2397,488,9,553
2398,1250,38,139
2399,1404,41,858
2400,991,86,976
2401,1214,77,968
2402,421,5,878
2403,1518,36,416
2404,923,69,798
2405,1106,72,241
2406,873,68,223
2407,1115,61,470
2408,1239,76,357
2409,511,76,533
2410,405,54,814
2411,85,92,148
2412,1402,33,340
2413,595,1,877
2414,1662,79,643
2415,122,35,634
2416,1336,61,995
2417,1204,71,47
2418,1236,4,557
2419,1436,38,250
2420,1109,99,586
2421,1782,22,166
2422,1162,28,676
2423,479,2,953
2424,1611,7,154
2425,733,78,64
2426,1244,89,601
2427,1549,79,383
2428,1676,75,403
2429,213,97,250
2430,1483,15,582
2431,799,73,364
2432,1334,44,142
2433,740,36,322
2434,1970,10,881
2435,369,13,883
2436,629,67,206
2437,1719,17,992
2438,496,8,520
2439,342,67,346
2440,1231,70,861
2441,125,39,335
2442,840,93,220
2443,707,84,989
2444,112,16,466
2445,1525,19,48
2446,448,31,183
2447,1347,28,722
2448,656,29,185
2449,1629,31,119
2450,1859,21,322
2451,1923,78,445
2452,1205,98,709
2453,211,41,604
2454,1047,38,976
2455,1657,46,169
2456,4,72,835
2457,866,98,917
2458,1449,44,695
2459,1167,43,332
2460,315,78,738
2461,880,13,545
2462,924,28,825
2463,1083,100,708
2464,1867,72,608
2465,622,83,845
2466,903,23,751
2467,145,3,608
2468,914,81,181
2469,1531,17,251
2470,1437,35,141
2471,371,31,940
2472,617,78,98
2473,610,72,475
2474,638,21,497
2475,1046,75,136
2476,1885,81,43
2477,176,42,239
2478,819,81,77
2479,1727,37,962
2480,1845,11,902
2481,750,59,517
2482,1197,12,216
2483,1505,13,663
2484,1754,89,986
2485,1639,42,591
2486,517,14,356
2487,508,66,20
2488,814,73,352
2489,644,40,335
2490,1639,13,281
2491,1521,84,377
2492,1232,86,672
2493,1050,24,609
2494,1676,60,655
2495,1785,69,791
2496,436,50,772
2497,1698,68,430
2498,403,29,46
2499,1189,33,960
2500,1434,87,557
2501,1480,39,444
2502,1539,80,162
2503,1325,8,859
2504,1328,31,75
2505,270,29,844
2506,1430,70,236
2507,231,86,672
2508,1964,63,483
2509,222,6,234
2510,529,14,475
2511,1760,74,284
2512,1707,81,38
2513,1621,33,681
2514,1693,98,214
2515,589,26,256
2516,1100,67,770
2517,1262,26,463
2518,468,58,963
2519,225,42,762
2520,1699,65,52
2521,1517,91,235
2522,933,29,119
2523,489,19,190
2524,741,55,659
2525,324,51,710
2526,1306,89,931
2527,1394,10,902
2528,1430,79,307
2529,84,15,224
2530,6,11,750
2531,477,51,163
2532,106,51,799
2533,1727,80,872
2534,1745,93,948
2535,650,90,110
2536,401,19,112
2537,1981,77,315
2538,629,47,992
2539,9,29,550
2540,1642,6,125
2541,1387,15,914
2542,1,32,472
2543,740,61,134
2544,1046,14,606
2545,1093,13,846
2546,1628,75,228
2547,380,42,679
2548,555,6,79
2549,515,38,340
2550,160,84,963
2551,454,97,287
2552,614,66,552
2553,1524,100,727
2554,1534,55,649
2555,1782,67,205
2556,215,61,210
2557,1634,49,98
2558,865,43,314
2559,190,4,420
2560,1612,100,892
2561,310,70,891
2562,514,75,221
2563,263,47,218
2564,184,39,915
2565,479,19,364
2566,534,96,758
2567,705,81,838
2568,281,76,985
2569,771,92,84
2570,223,85,164
2571,705,59,896
2572,1322,35,301
2573,1757,31,127
2574,1939,100,289
2575,840,30,659
2576,312,24,383
2577,369,6,367
2578,636,79,46
2579,1636,86,338
2580,206,73,396
2581,1190,72,702
2582,1151,9,253
2583,1022,43,122
2584,985,52,12
2585,774,22,218
2586,320,9,429
2587,304,31,357
2588,1202,59,769
2589,1217,3,176
2590,610,99,123
2591,231,34,31
2592,1895,61,447
2593,1650,82,607
2594,1665,89,586
2595,628,85,879
2596,531,16,577
2597,58,73,281
2598,278,75,3
2599,1599,21,779
2600,1837,26,679
2601,1128,21,327
2602,1930,75,899
2603,1484,52,43
2604,1013,75,228
2605,865,98,320
2606,50,91,633
2607,415,38,621
2608,95,22,702
2609,729,3,468
2610,1135,78,636
2611,1112,69,939
2612,1223,27,415
2613,1153,40,765
2614,1875,26,287
2615,51,5,132
2616,113,47,233
2617,358,74,126
2618,435,68,296
2619,484,53,236
2620,82,23,771
2621,1108,69,238
2622,109,72,546
2623,735,85,854
2624,1487,65,245
2625,383,78,826
2626,1119,16,162
2627,1464,38,317
2628,1570,93,670
2629,1785,87,477
2630,319,25,815
2631,90,8,241
2632,1326,37,376
2633,969,61,97
2634,1778,8,492
2635,649,81,690
2636,703,16,979
2637,606,27,452
2638,363,21,538
2639,999,77,650
2640,1638,3,711
2641,731,89,639
2642,543,34,688
2643,355,98,78
2644,59,40,502
2645,675,82,335
2646,437,23,760
2647,1151,100,72
2648,1652,28,933
2649,1759,56,291
2650,893,39,629
2651,787,41,622
2652,604,93,829
2653,287,74,482
2654,1882,27,962
2655,888,71,716
2656,243,98,582
2657,973,53,739
2658,905,47,494
2659,1432,36,207
2660,1514,96,972
2661,1916,3,955
2662,1917,21,196
2663,1667,94,347
2664,316,44,971
2665,305,6,120
2666,767,18,21
2667,1490,35,744
2668,472,23,912
2669,1086,31,304
2670,86,39,851
2671,1824,12,330
2672,1502,7,255
2673,1286,81,641
2674,1037,51,442
2675,1022,8,850
2676,1514,22,846
2677,617,33,992
2678,191,10,116
2679,1601,11,537
2680,705,5,233
2681,797,90,385
2682,667,33,581
2683,816,79,740
2684,729,53,881
2685,639,4,43
2686,882,81,368
2687,418,88,566
2688,1172,28,861
2689,1953,3,217
2690,87,40,798
2691,1713,92,890
2692,1532,6,592
2693,611,34,730
2694,1419,77,483
2695,627,84,872
2696,1582,92,628
2697,477,5,624
2698,333,46,18
2699,378,38,955
2700,1840,27,267
2701,259,63,767
2702,487,79,326
2703,1222,29,574
2704,314,37,28
2705,45,67,705
2706,759,93,672
2707,295,24,209
2708,1682,7,627
2709,1616,11,480
2710,1411,45,850
2711,1670,12,185
2712,1734,28,247
2713,1206,74,271
2714,1722,87,167
2715,505,3,102
2716,1784,88,171
2717,1152,7,352
2718,1024,65,745
2719,1812,33,719
2720,1594,12,79
2721,208,100,150
2722,1280,29,832
2723,1642,96,805
2724,1892,37,140
2725,726,54,37
2726,352,64,637
2727,1224,26,317
2728,1875,56,201
2729,207,55,374
2730,1741,32,438
2731,1645,53,79
2732,244,61,72
2733,1381,25,432
2734,421,58,297
2735,733,10,260
2736,1657,81,123
2737,858,97,587
2738,42,85,616
2739,635,6,659
2740,880,25,324
2741,995,64,336
2742,1072,46,156
2743,735,19,373
2744,1881,56,770
2745,1526,86,390
2746,1375,51,14
2747,1511,14,157
2748,837,87,866
2749,1233,55,32
2750,184,95,581
2751,949,19,978
2752,724,61,8
2753,82,23,329
2754,937,15,633
2755,853,57,97
2756,554,1,292
2757,1034,78,60
2758,1087,34,258
2759,31,42,372
2760,1217,28,325
2761,1018,42,185
2762,1261,24,334
2763,967,67,2
2764,169,42,840
2765,1196,6,929
2766,703,33,922
2767,834,56,967
2768,1127,15,353
2769,1837,41,491
2770,229,55,429
2771,1745,11,249
2772,652,41,627
2773,782,4,480
2774,796,4,505
2775,914,53,987
2776,86,22,485
2777,1635,98,394
2778,993,55,948
2779,1212,21,777
2780,902,94,754
2781,123,75,938
2782,1084,21,533
2783,817,33,145
2784,375,13,174
2785,889,40,433
2786,1050,24,996
2787,852,1,431
2788,1942,24,478
2789,42,76,127
2790,961,9,866
2791,957,55,61
2792,53,51,482
2793,1670,49,536
2794,73,70,341
2795,32,58,711
2796,546,27,287
2797,1854,71,640
2798,488,86,131
2799,473,62,881
2800,1198,47,105
2801,912,39,40
2802,686,31,985
2803,1275,50,509
2804,1142,15,320
2805,1875,12,308
2806,1095,80,812
2807,501,100,99
2808,1057,49,558
2809,36,34,312
2810,1452,60,308
2811,1341,78,87
2812,205,56,892
2813,1678,42,898
2814,604,51,981
2815,645,28,331
2816,1562,13,191
2817,116,80,42
2818,1261,83,784
2819,37,51,377
2820,770,30,449
2821,447,4,228
2822,1374,37,721
2823,1568,22,68
2824,795,73,479
2825,1996,15,477
2826,902,71,543
2827,1482,63,302
2828,1051,93,816
2829,888,91,800
2830,559,68,886
2831,1620,86,414
2832,1563,48,237
2833,1868,67,259
2834,736,37,967
2835,994,30,745
2836,473,7,906
2837,64,95,273
2838,1133,32,171
2839,329,6,644
2840,1752,99,52
2841,180,23,117
2842,516,10,764
2843,455,14,139
2844,1480,8,99
2845,644,62,17
2846,1490,90,403
2847,1201,64,351
2848,627,69,632
2849,678,87,805
2850,1605,94,870
2851,194,18,666
2852,1295,23,472
2853,521,73,14
2854,1444,49,973
2855,949,25,372
2856,1809,82,183
2857,1909,17,228
2858,1672,8,769
2859,733,4,658
2860,820,54,618
2861,1296,18,367
2862,780,14,458
2863,1195,26,983
2864,292,15,566
2865,825,100,686
2866,1867,46,523
2867,1980,42,333
2868,595,4,737
2869,1880,83,303
2870,1658,16,670
2871,665,32,544
2872,391,96,173
2873,1280,11,951
2874,879,71,144
2875,830,31,112
2876,1583,99,662
2877,1384,15,551
2878,882,31,873
2879,1204,63,223
2880,25,98,216
2881,1051,24,603
2882,835,38,669
2883,457,29,349
2884,1251,91,481
2885,602,15,848
2886,1368,26,77
2887,271,59,538
2888,1992,78,481
2889,137,62,867
2890,1965,43,958
2891,365,40,14
2892,1865,62,303
2893,1736,78,48
2894,304,79,753
2895,1563,24,864
2896,720,90,71
2897,957,7,722
2898,316,9,698
2899,64,47,556
2900,1026,37,183
2901,1050,67,345
2902,638,22,918
2903,979,79,664
2904,1571,38,656
2905,702,12,503
2906,976,97,112
2907,1033,17,60
2908,165,63,269
2909,1659,28,686
2910,905,50,154
2911,305,68,266
2912,1265,13,730
2913,1316,47,991
2914,136,18,159
2915,929,12,181
2916,1263,89,403
2917,1195,19,6
2918,1468,27,316
2919,1544,36,231
2920,340,41,448
2921,597,54,941
2922,1831,90,656
2923,938,70,565
2924,1268,29,500
2925,657,66,386
2926,338,84,188
2927,600,77,868
2928,175,70,273
2929,1259,52,41
2930,435,76,772
2931,233,19,120
2932,9,35,311
2933,1409,63,967
2934,1753,79,897
2935,915,50,487
2936,1187,12,167
2937,1063,46,614
2938,1160,96,919
2939,32,8,255
2940,873,83,750
2941,1238,19,146
2942,455,75,763
2943,1331,8,176
2944,1387,49,796
2945,1893,15,867
2946,1297,93,790
2947,1480,65,662
2948,1368,33,624
2949,1411,90,217
2950,185,18,130
2951,576,68,580
2952,963,61,788
2953,1717,3,529
2954,458,59,792
2955,1797,10,739
2956,1040,96,693
2957,1458,65,229
2958,23,65,826
2959,326,57,814
2960,983,21,345
2961,1464,11,136
2962,661,53,924
2963,1711,9,493
2964,187,78,608
2965,1807,17,378
2966,765,24,769
2967,921,76,357
2968,299,88,351
2969,1795,24,706
2970,1545,53,634
2971,453,8,889
2972,1127,41,536
2973,111,6,664
2974,1585,17,730
2975,1494,90,98
2976,1360,30,449
2977,1432,98,145
2978,1665,15,148
2979,1940,75,739
2980,246,21,962
2981,552,31,373
2982,1821,6,754
2983,1954,48,537
2984,514,35,481
2985,1969,98,853
2986,697,34,985
2987,1493,23,434
2988,681,87,605
2989,229,7,975
2990,1007,56,644
2991,1212,34,634
2992,789,47,563
2993,1379,53,810
2994,1651,24,112
2995,575,96,679
2996,375,88,679
2997,1524,69,983
2998,1355,95,879
2999,1806,51,195
3000,168,50,511
3001,1903,34,913
3002,1292,14,233
3003,207,40,516
3004,1269,54,394
3005,845,8,557
3006,1075,19,200
3007,714,56,114
3008,829,40,896
3009,1993,72,491
3010,895,31,938
3011,743,12,646
3012,1102,91,556
3013,11,72,926
3014,911,10,605
3015,294,1,572
3016,622,65,707
3017,1233,69,329
3018,1655,78,720
3019,1173,16,321
3020,1123,49,923
3021,1807,100,414
3022,54,76,504
3023,1464,26,635
3024,899,14,950
3025,1603,34,884
3026,1348,58,720
3027,200,75,350
3028,1819,77,925
3029,266,43,13
3030,1554,13,727
3031,1999,29,898
3032,775,64,298
3033,1195,48,429
3034,310,68,59
3035,268,40,930
3036,173,56,457
3037,232,28,283
3038,415,51,49
3039,1206,38,582
3040,1102,88,948
3041,1634,88,564
3042,1509,65,554
3043,701,76,742
3044,1989,51,337
3045,1164,16,206
3046,980,63,874
3047,606,24,395
3048,876,24,637
3049,1354,78,343
3050,191,24,270
3051,1539,8,759
3052,394,39,633
3053,755,44,843
3054,810,74,215
3055,177,87,472
3056,940,67,470
3057,1608,27,753
3058,1022,70,983
3059,138,78,826
3060,48,66,207
3061,56,21,510
3062,1300,79,829
3063,657,52,117
3064,1365,91,260
3065,1895,24,487
3066,1570,78,352
3067,572,88,761
3068,807,83,583
3069,1157,100,508
3070,1985,11,299
3071,1291,3,767
3072,1804,76,263
3073,1886,69,610
3074,1563,33,318
3075,1311,87,203
3076,1687,41,156
3077,1346,93,384
3078,1615,53,306
3079,396,71,678
3080,1779,52,308
3081,1103,3,617
3082,1822,58,251
3083,1248,8,217
3084,1838,39,295
3085,1742,86,245
3086,323,93,252
3087,416,24,389
3088,1204,43,147
3089,711,40,990
3090,1003,13,277
3091,361,77,330
3092,251,28,997
3093,1019,1,98
3094,31,46,324
3095,540,81,840
3096,665,100,708
3097,107,11,479
3098,834,28,495
3099,390,6,914
3100,1672,25,460
3101,1151,70,361
3102,1942,39,777
3103,748,4,330
3104,66,30,494
3105,508,90,469
3106,1872,56,306
3107,1908,46,533
3108,1310,13,91
3109,579,77,693
3110,1852,57,889
3111,1505,47,102
3112,680,76,333
3113,1648,79,56
3114,495,92,596
3115,1938,19,183
3116,1670,75,288
3117,1674,93,441
3118,381,45,1000
3119,1794,19,14
3120,1682,30,623
3121,1618,41,961
3122,607,26,137
3123,380,26,47
3124,208,95,472
3125,1549,62,159
3126,1539,41,423
3127,445,6,892
3128,465,90,243
3129,222,59,898
3130,18,35,649
3131,817,90,716
3132,1691,55,838
3133,758,11,133
3134,924,61,241
3135,130,34,177
3136,1151,39,76
3137,1460,35,747
3138,251,57,5
3139,438,11,93
3140,1857,8,303
3141,951,6,209
3142,1916,66,761
3143,1200,27,352
3144,937,60,212
3145,354,94,228
3146,827,60,503
3147,304,94,188
3148,115,72,473
3149,1729,95,161
3150,653,11,693
3151,1984,81,202
3152,1112,8,341
3153,1740,14,686
3154,242,65,733
3155,1064,75,958
3156,210,67,296
3157,85,11,781
3158,410,84,730
3159,5,35,587
3160,737,83,628
3161,1872,53,794
3162,135,65,730
3163,54,7,500
3164,1702,58,7
3165,337,47,476
3166,1556,56,966
3167,287,70,478
3168,1123,70,11
3169,1570,68,714
3170,1777,62,173
3171,455,67,265
3172,211,30,699
3173,890,37,430
3174,610,83,832
3175,918,82,623
3176,347,24,134
3177,1115,15,13
3178,1200,95,153
3179,643,84,6
3180,949,81,562
3181,1150,97,886
3182,289,7,188
3183,1153,98,286
3184,1127,89,293
3185,1734,25,982
3186,805,46,416
3187,911,47,308
3188,852,43,845
3189,1079,80,42
3190,1072,15,71
3191,1865,53,755
3192,681,18,43
3193,1526,14,665
3194,1678,32,990
3195,1725,58,202
3196,529,84,811
3197,1649,47,192
3198,536,14,623
3199,1161,52,450
3200,1658,49,797
3201,292,46,919
3202,622,69,975
3203,1480,33,207
3204,933,55,910
3205,1498,13,314
3206,1689,75,67
3207,142,14,831
3208,1801,74,475
3209,983,15,553
3210,931,100,616
3211,667,15,929
3212,635,33,591
3213,191,73,456
3214,959,50,937
3215,419,40,994
3216,211,66,246
3217,364,95,923
3218,1316,24,311
3219,1855,9,59
3220,16,94,126
3221,1536,100,373
3222,1028,67,133
3223,1157,27,125
3224,687,16,947
3225,1142,97,1000
3226,1029,8,923
3227,136,82,680
3228,401,24,509
3229,433,17,459
3230,68,78,148
3231,260,96,383
3232,556,61,773
3233,126,30,470
3234,481,82,593
3235,1382,8,179
3236,808,10,12
3237,1148,60,953
3238,1927,84,74
3239,429,60,750
3240,1514,16,711
3241,977,68,765
3242,1964,28,378
3243,788,32,899
3244,5,14,196
3245,501,97,563
3246,127,21,638
3247,607,16,966
3248,57,98,159
3249,504,96,314
3250,904,54,453
3251,252,82,380
3252,401,18,228
3253,307,30,37
3254,1871,29,221
3255,1978,89,1000
3256,1861,39,593
3257,1489,45,539
3258,369,22,51
3259,1243,16,352
3260,614,49,489
3261,195,80,716
3262,1384,52,101
3263,872,1,871
3264,1681,93,972
3265,175,37,345
3266,1278,4,993
3267,1785,37,709
3268,751,62,816
3269,1945,4,986
3270,1623,31,100
3271,1268,31,123
3272,295,6,688
3273,40,30,690
3274,1154,6,318
3275,1978,82,642
3276,1877,36,774
3277,222,73,396
3278,374,10,32
3279,1962,84,747
3280,319,12,987
3281,1111,91,170
3282,999,78,220
3283,1346,93,897
3284,698,29,617
3285,639,10,867
3286,846,59,655
3287,1384,8,592
3288,1287,45,201
3289,1812,42,720
3290,65,32,208
3291,226,55,39
3292,1469,16,875
3293,384,70,492
3294,1635,56,38
3295,1203,33,372
3296,1016,90,519
3297,1960,30,716
3298,264,57,229
3299,1905,57,609
3300,1690,72,104
3301,490,80,827
3302,486,25,668
3303,705,30,993
3304,1571,42,935
3305,631,54,843
3306,1614,39,595
3307,858,68,165
3308,1886,16,160
3309,26,14,122
3310,1903,25,196
3311,756,39,863
3312,1186,23,782
3313,1495,24,166
3314,700,21,143
3315,911,5,484
3316,782,97,979
3317,1925,68,861
3318,257,10,382
3319,210,4,239
3320,1630,40,518
3321,1958,16,997
3322,1830,97,663
3323,1102,37,739
3324,1107,58,791
3325,980,29,424
3326,1975,92,767
3327,1297,43,971
3328,1260,3,646
3329,1826,64,95
3330,24,68,651
3331,1328,4,179
3332,726,23,328
3333,1647,40,885
3334,1999,69,434
3335,1627,7,567
3336,391,24,293
3337,1313,82,2
3338,591,10,525
3339,1764,33,523
3340,151,96,147
3341,64,98,770
3342,1901,61,209
3343,887,36,387
3344,853,74,717
3345,792,45,767
3346,1896,3,45
3347,8,40,293
3348,1330,80,625
3349,1741,26,462
3350,1905,84,1000
3351,1140,41,70
3352,1633,55,361
3353,1841,6,423
3354,2000,87,683
3355,1350,24,129
3356,188,20,908
3357,1841,24,655
3358,1935,95,552
3359,1780,66,21
3360,190,91,556
3361,1350,40,594
3362,327,57,57
3363,1739,82,368
3364,328,88,585
3365,1421,21,260
3366,183,85,380
3367,751,80,420
3368,396,9,34
3369,837,95,661
3370,477,74,741
3371,1264,73,297
3372,1442,70,392
3373,639,27,812
3374,1452,12,844
3375,781,36,416
3376,443,55,504
3377,861,78,169
3378,998,81,266
3379,1850,15,130
3380,1725,2,787
3381,1629,32,252
3382,59,7,412
3383,186,95,987
3384,1777,86,24
3385,1983,26,363
3386,818,17,916
3387,145,9,515
3388,1498,39,419
3389,1972,61,239
3390,436,61,982
3391,1361,51,700
3392,673,95,235
3393,1514,79,157
3394,306,98,272
3395,613,14,678
3396,1197,9,603
3397,198,92,816
3398,1872,80,958
3399,575,36,888
3400,1441,57,655
3401,554,82,57
3402,388,72,279
3403,1580,4,872
3404,1497,32,735
3405,1920,37,802
3406,578,12,298
3407,1287,15,200
3408,934,44,209
3409,808,48,808
3410,1607,93,234
3411,393,63,382
3412,1170,9,273
3413,1611,65,742
3414,800,17,802
3415,1069,23,654
3416,1395,95,998
3417,30,22,536
3418,286,39,644
3419,337,79,6
3420,710,22,142
3421,969,40,646
3422,364,54,564
3423,898,56,855
3424,1965,43,192
3425,690,28,646
3426,881,65,309
3427,1215,30,782
3428,1503,78,683
3429,925,89,147
3430,835,35,633
3431,1646,83,891
3432,963,91,835
3433,967,72,171
3434,1493,97,804
3435,1982,74,158
3436,893,72,539
3437,1761,34,662
3438,1333,50,40
3439,34,40,507
3440,1826,97,549
3441,821,79,189
3442,413,36,92
3443,1918,97,937
3444,1918,10,285
3445,1435,5,45
3446,1975,1,179
3447,18,84,911
3448,56,15,716
3449,1845,57,180
3450,1416,67,118
3451,774,42,67
3452,959,70,457
3453,1861,22,606
3454,351,99,692
3455,18,42,877
3456,155,65,313
3457,1317,54,356
3458,450,3,774
3459,1936,32,99
3460,776,32,49
3461,792,72,605
3462,1253,66,889
3463,1664,7,969
3464,254,52,429
3465,1173,24,838
3466,119,53,64
3467,1673,63,725
3468,339,89,469
3469,1730,56,973
3470,1633,12,639
3471,1946,32,381
3472,1970,42,222
3473,868,53,436
3474,916,69,102
3475,700,5,914
3476,771,45,970
3477,1470,4,197
3478,487,26,549
3479,673,13,524
3480,1884,92,535
3481,1642,99,64
3482,523,13,390
3483,294,21,188
3484,1912,30,89
3485,503,82,844
3486,1283,35,897
3487,1999,36,402
3488,135,36,49
3489,1574,1,85
3490,1767,53,662
3491,756,82,115
3492,1946,48,168
3493,520,59,427
3494,1939,1,607
3495,1708,62,387
3496,1853,57,924
3497,1456,46,499
3498,862,32,156
3499,1145,17,621
3500,1212,73,646
3501,565,62,693
3502,1305,32,208
3503,864,60,387
3504,20,58,72
3505,1386,61,580
3506,1364,82,820
3507,1515,77,720
3508,643,75,622
3509,1536,62,389
3510,1706,59,689
3511,50,74,689
3512,763,96,524
3513,130,74,437
3514,1422,43,565
3515,1146,29,719
3516,1505,6,574
3517,1899,15,814
3518,1111,19,458
3519,38,34,832
3520,1162,63,511
3521,974,45,28
3522,1280,46,487
3523,627,3,387
3524,565,3,355
3525,1034,65,885
3526,184,94,680
3527,511,75,682
3528,1867,13,995
3529,47,5,152
3530,1390,23,805
3531,619,78,314
3532,533,54,188
3533,1720,23,300
3534,1631,38,725
3535,327,4,120
3536,1637,89,862
3537,1611,19,928
3538,666,77,332
3539,1273,7,651
3540,300,82,25
3541,314,44,135
3542,169,80,568
3543,1107,74,60
3544,1459,99,483
3545,476,22,762
3546,463,4,840
3547,934,53,493
3548,1588,81,991
3549,1441,59,440
3550,1283,9,569
3551,634,10,81
3552,831,48,880
3553,1868,50,682
3554,1462,83,537
3555,243,50,727
3556,245,6,582
3557,1698,27,844
3558,470,94,900
3559,783,66,587
3560,1509,71,105
3561,842,48,438
3562,1230,28,969
3563,803,17,659
3564,1093,68,739
3565,965,25,411
3566,984,95,521
3567,1894,24,983
3568,1895,16,160
3569,470,66,537
3570,1094,75,899
3571,1554,99,566
3572,1594,22,94
3573,86,15,750
3574,97,23,539
3575,723,37,88
3576,1153,50,891
3577,1559,30,785
3578,615,61,347
3579,1001,62,335
3580,708,26,90
3581,1067,82,752
3582,1957,91,537
3583,329,63,469
3584,372,12,910
3585,139,3,55
3586,1827,24,556
3587,1650,23,170
3588,174,28,735
3589,1217,32,437
3590,900,52,799
3591,1196,34,399
3592,824,17,355
3593,54,7,519
3594,1676,52,592
3595,1699,89,230
3596,190,11,839
3597,572,8,222
3598,1903,65,160
3599,1077,58,102
3600,525,11,839
3601,1254,5,594
3602,1602,83,812
3603,1023,45,501
3604,1668,89,786
3605,1468,78,865
3606,1391,27,461
3607,418,25,96
3608,226,67,370
3609,1765,77,808
3610,922,33,807
3611,811,50,456
3612,1473,58,637
3613,505,81,781
3614,1911,74,16
3615,642,2,354
3616,235,44,997
3617,874,2,484
3618,1805,10,192
3619,130,12,700
3620,1317,74,224
3621,1576,92,473
3622,1501,51,305
3623,36,13,601
3624,471,55,323
3625,366,70,490
3626,1689,56,168
3627,6,50,30
3628,414,78,297
3629,1070,55,794
3630,1643,39,395
3631,462,34,164
3632,853,96,343
3633,1755,37,598
3634,786,99,175
3635,134,52,938
3636,1697,53,341
3637,174,100,137
3638,1269,68,167
3639,460,10,848
3640,1914,10,774
3641,425,87,947
3642,1412,2,82
3643,1973,11,865
3644,1132,73,316
3645,1583,70,715
3646,1024,71,255
3647,447,83,799
3648,1683,52,833
3649,555,72,869
3650,505,94,803
3651,655,3,460
3652,511,51,418
3653,1933,79,275
3654,330,6,996
3655,218,87,428
3656,1576,63,51
3657,1426,35,435
3658,1583,71,419
3659,453,67,524
3660,1757,11,626
3661,1027,38,927
3662,953,54,758
3663,390,43,260
3664,1277,64,124
3665,787,31,913
3666,582,4,982
3667,1064,26,543
3668,153,96,411
3669,829,40,177
3670,1431,94,754
3671,1929,14,878
3672,1902,3,814
3673,1858,50,176
3674,215,67,120
3675,368,67,437
3676,807,41,461
3677,1554,73,320
3678,1079,9,992
3679,1916,64,419
3680,223,84,439
3681,519,24,524
3682,1267,1,7
3683,267,56,972
3684,1364,76,870
3685,1195,81,496
3686,490,69,704
3687,1419,44,447
3688,1959,1,29
3689,1260,43,521
3690,865,21,961
3691,1195,9,423
3692,724,34,758
3693,1951,18,794
3694,1038,36,494
3695,729,74,153
3696,1770,36,734
3697,1484,27,850
3698,1727,62,640
3699,783,86,788
3700,474,44,999
3701,781,25,696
3702,12,90,713
3703,1991,7,838
3704,1337,43,953
3705,995,44,348
3706,199,73,591
3707,1485,83,456
3708,118,56,919
3709,1667,72,120
3710,128,93,33
3711,1928,74,64
3712,1247,4,891
3713,225,15,908
3714,104,96,218
3715,674,22,544
3716,386,91,70
3717,722,34,263
3718,1216,7,332
3719,605,93,781
3720,480,52,718
3721,1347,5,760
3722,1339,15,810
3723,952,89,278
3724,1468,53,456
3725,1504,65,201
3726,1913,24,883
3727,918,48,654
3728,182,58,864
3729,1590,64,326
3730,222,94,786
3731,640,40,29
3732,1364,44,661
3733,750,18,568
3734,1783,31,176
3735,439,92,619
3736,1516,36,58
3737,1351,99,226
3738,741,56,687
3739,1256,87,623
3740,221,36,531
3741,18,81,611
3742,1905,78,649
3743,434,10,810
3744,1217,14,119
3745,1160,41,937
3746,260,56,610
3747,91,59,686
3748,1058,68,748
3749,572,15,293
3750,138,24,11
3751,1003,61,259
3752,1910,44,129
3753,845,35,172
3754,502,95,38
3755,100,55,910
3756,134,49,909
3757,990,43,869
3758,1376,1,299
3759,736,26,289
3760,590,36,141
3761,507,57,957
3762,1864,25,760
3763,717,57,348
3764,308,14,765
3765,1324,44,607
3766,1293,41,81
3767,857,19,208
3768,142,70,898
3769,1885,47,281
3770,849,38,819
3771,1199,60,137
3772,574,9,973
3773,1484,61,475
3774,85,46,626
3775,1497,80,731
3776,213,26,267
3777,1736,3,886
3778,865,43,592
3779,1660,29,144
3780,513,63,234
3781,743,44,948
3782,328,25,427
3783,1516,85,503
3784,84,59,527
3785,1727,58,893
3786,92,98,277
3787,864,1,216
3788,1657,1,789
3789,1969,12,710
3790,720,22,53
3791,1138,53,915
3792,1656,29,320
3793,1985,97,164
3794,889,79,920
3795,1201,46,509
3796,82,96,763
3797,1366,68,806
3798,1846,72,694
3799,1109,19,839
3800,1024,68,491
3801,1346,22,243
3802,1032,46,42
3803,481,94,734
3804,1152,45,437
3805,254,83,833
3806,750,67,177
3807,1161,16,938
3808,1321,13,751
3809,1771,2,46
3810,1328,94,979
3811,593,3,690
3812,1816,93,605
3813,127,44,236
3814,1842,94,205
3815,971,28,618
3816,1284,96,531
3817,1114,32,377
3818,913,28,811
3819,1763,34,624
3820,37,18,251
3821,970,10,725
3822,1978,8,995
3823,1534,62,189
3824,1502,63,900
3825,1332,51,315
3826,521,27,555
3827,1607,3,488
3828,1451,84,236
3829,1879,89,913
3830,686,90,301
3831,978,49,734
3832,708,81,406
3833,1041,65,752
3834,1600,96,185
3835,1026,7,139
3836,525,95,539
3837,502,45,173
3838,1618,17,347
3839,1690,39,459
3840,1935,38,756
3841,1301,87,877
3842,1459,65,786
3843,1596,63,801
3844,1670,57,110
3845,1375,62,771
3846,485,52,416
3847,289,12,403
3848,223,36,175
3849,1280,56,278
3850,142,84,153
3851,1719,99,293
3852,1428,94,741
3853,1325,51,352
3854,232,15,570
3855,1421,63,726
3856,1118,67,602
3857,646,55,142
3858,406,1,397
3859,159,16,331
3860,1768,62,87
3861,516,64,606
3862,104,81,715
3863,1561,20,166
3864,314,58,593
3865,397,36,118
3866,987,90,184
3867,483,75,339
3868,1599,90,704
3869,630,5,234
3870,1289,29,991
3871,1869,11,986
3872,1634,31,575
3873,309,74,410
3874,353,33,436
3875,792,71,526
3876,69,65,493
3877,1419,82,136
3878,778,32,173
3879,1141,4,688
3880,800,97,317
3881,451,6,444
3882,1120,91,373
3883,503,66,728
3884,626,47,145
3885,1008,99,76
3886,588,98,620
3887,992,56,805
3888,368,5,996
3889,1009,92,784
3890,7,55,276
3891,1036,21,251
3892,1881,32,538
3893,181,26,962
3894,1210,55,96
3895,1833,59,349
3896,1138,23,206
3897,800,74,698
3898,1964,88,328
3899,857,12,361
3900,1558,89,121
3901,1345,90,81
3902,1207,100,807
3903,1227,9,273
3904,1532,21,659
3905,809,40,413
3906,973,99,215
3907,1650,8,19
3908,934,60,388
3909,1859,22,887
3910,439,69,369
3911,86,4,791
3912,1398,36,964
3913,1555,90,625
3914,786,44,179
3915,162,3,811
3916,1421,58,532
3917,1840,71,3
3918,1435,48,398
3919,762,76,613
3920,1347,39,54
3921,944,38,643
3922,1068,11,303
3923,579,88,952
3924,1201,62,349
3925,937,95,909
3926,1405,89,166
3927,1019,48,737
3928,615,37,772
3929,601,95,924
3930,1520,59,980
3931,1299,23,9
3932,448,42,829
3933,684,97,782
3934,953,65,650
3935,1623,1,935
3936,1096,7,917
3937,1788,5,992
3938,1376,17,908
3939,1434,36,871
3940,15,9,250
3941,1125,6,716
3942,682,1,383
3943,1634,18,953
3944,1568,31,456
3945,325,75,984
3946,1570,13,232
3947,1157,52,89
3948,309,99,289
3949,1217,31,997
3950,489,27,895
3951,1715,25,887
3952,510,94,100
3953,1317,58,300
3954,516,73,305
3955,1023,39,54
3956,475,41,554
3957,1400,71,525
3958,1227,4,82
3959,1188,18,589
3960,1882,55,174
3961,1242,29,451
3962,1612,61,932
3963,257,89,946
3964,144,57,383
3965,1882,62,755
3966,1304,56,330
3967,1775,29,209
3968,172,66,395
3969,1110,92,849
3970,217,91,66
3971,1512,78,968
3972,1687,29,328
3973,1549,76,352
3974,881,3,533
3975,53,80,590
3976,681,27,580
3977,1302,13,918
3978,189,71,672
3979,1036,12,432
3980,1976,81,846
3981,577,33,939
3982,1557,60,139
3983,1916,11,312
3984,1419,14,860
3985,1636,87,582
3986,1729,63,685
3987,38,77,430
3988,538,90,490
3989,207,3,104
3990,184,94,907
3991,795,31,999
3992,804,29,300
3993,1487,49,76
3994,1151,92,206
3995,1135,29,122
3996,714,48,496
3997,1852,19,988
3998,1033,28,888
3999,1959,14,369
4000,230,80,705
