1,7/6/95,10:39:52,1,1
2,7/30/80,22:24:31,2,2
3,12/14/91,2:11:10,3,3
4,12/8/09,4:28:09,4,4
5,10/29/89,16:58:48,5,5
6,6/11/02,7:20:55,6,6
7,6/11/05,10:41:40,7,7
8,5/1/07,2:22:11,8,8
9,10/2/95,10:17:26,9,9
10,10/31/13,17:11:41,10,10
11,4/27/86,20:21:30,11,11
12,12/10/86,7:27:35,12,12
13,11/20/94,10:47:24,13,13
14,9/13/83,22:31:04,14,14
15,6/15/05,22:11:50,15,15
16,7/18/94,9:26:49,16,16
17,2/14/85,15:13:47,17,17
18,5/15/00,21:32:30,18,18
19,12/1/86,10:38:05,19,19
20,7/21/94,9:55:23,20,20
21,2/5/93,1:28:46,21,21
22,10/8/02,2:22:30,22,22
23,6/22/89,1:43:34,23,23
24,10/14/09,14:51:28,24,24
25,7/26/87,8:34:27,25,25
26,7/15/06,20:49:36,26,26
27,12/3/91,19:51:14,27,27
28,6/10/08,1:34:18,28,28
29,8/26/95,9:14:43,29,29
30,3/24/90,22:10:31,30,30
31,1/15/11,0:08:26,31,31
32,7/11/04,14:19:35,32,32
33,1/23/02,23:24:07,33,33
34,5/28/92,10:47:05,34,34
35,8/2/83,9:35:43,35,35
36,8/20/99,21:02:02,36,36
37,3/29/96,18:59:53,37,37
38,11/5/02,8:22:59,38,38
39,11/21/13,13:47:54,39,39
40,3/5/81,18:47:58,40,40
41,10/16/86,18:39:30,41,41
42,10/25/94,2:08:43,42,42
43,9/15/02,10:05:17,43,43
44,10/22/01,5:14:17,44,44
45,12/3/90,17:38:34,45,45
46,2/1/94,1:45:48,46,46
47,7/9/83,0:58:51,47,47
48,9/11/04,19:16:54,48,48
49,3/29/11,13:24:39,49,49
50,8/8/08,1:07:19,50,50
51,7/8/97,2:26:06,51,51
52,12/18/05,17:23:08,52,52
53,5/19/80,8:18:15,53,53
54,11/5/81,20:02:12,54,54
55,10/20/85,13:07:58,55,55
56,10/30/11,14:33:45,56,56
57,6/2/09,19:02:15,57,57
58,6/24/80,3:02:50,58,58
59,9/23/80,9:25:49,59,59
60,6/11/02,14:14:42,60,60
61,7/9/90,4:30:19,61,61
62,7/8/03,10:58:07,62,62
63,7/11/88,6:38:05,63,63
64,6/7/97,0:08:05,64,64
65,11/21/82,11:41:35,65,65
66,5/31/85,5:41:42,66,66
67,12/2/98,7:16:34,67,67
68,1/12/02,2:39:14,68,68
69,9/19/99,8:15:19,69,69
70,7/9/00,20:32:51,70,70
71,4/12/88,9:09:31,71,71
72,4/18/82,23:39:11,72,72
73,11/7/87,10:17:24,73,73
74,5/20/99,17:42:42,74,74
75,12/1/03,3:22:47,75,75
76,5/28/81,21:50:41,76,76
77,3/22/90,6:33:04,77,77
78,7/17/98,1:55:31,78,78
79,10/15/81,6:45:37,79,79
80,9/24/85,23:30:17,80,80
81,3/20/80,3:03:04,81,81
82,12/31/06,13:53:47,82,82
83,3/6/12,15:59:09,83,83
84,1/6/11,10:20:30,84,84
85,3/1/90,9:21:45,85,85
86,9/27/85,5:24:19,86,86
87,2/26/01,11:27:06,87,87
88,8/26/07,21:09:27,88,88
89,6/22/95,3:20:49,89,89
90,1/10/08,15:27:58,90,90
91,6/10/86,12:06:13,91,91
92,8/23/86,19:54:15,92,92
93,9/7/89,9:13:50,93,93
94,4/23/87,7:09:33,94,94
95,7/23/93,18:12:31,95,95
96,10/17/90,1:38:21,96,96
97,8/28/07,19:20:16,97,97
98,4/27/85,2:31:04,98,98
99,11/28/99,3:09:56,99,99
100,2/1/00,18:11:44,100,100
101,12/15/12,21:02:23,92,101
102,2/10/03,18:53:36,78,102
103,10/25/82,19:13:14,55,103
104,5/4/82,5:23:30,77,104
105,7/30/10,9:28:10,38,105
106,12/2/99,14:58:09,46,106
107,8/23/96,18:26:20,52,107
108,9/6/11,9:12:41,91,108
109,12/23/01,13:33:22,11,109
110,1/16/90,1:49:45,2,110
111,10/29/85,11:33:36,23,111
112,11/16/03,5:15:36,53,112
113,10/30/01,13:51:39,38,113
114,11/27/09,7:58:16,66,114
115,5/11/91,19:21:14,4,115
116,9/28/06,1:16:45,19,116
117,6/7/83,13:54:33,45,117
118,8/19/08,3:25:15,68,118
119,1/15/92,7:07:18,6,119
120,6/17/02,14:43:04,60,120
121,11/25/83,14:44:04,62,121
122,10/13/13,13:01:21,91,122
123,11/6/86,11:26:42,69,123
124,8/6/94,7:21:43,78,124
125,12/10/90,12:12:54,47,125
126,7/9/05,1:22:35,81,126
127,11/29/12,11:27:28,84,127
128,8/22/87,9:17:47,68,128
129,9/13/96,10:34:02,12,129
130,2/24/84,19:46:00,47,130
131,11/25/12,14:27:21,45,131
132,2/19/97,3:33:16,32,132
133,7/24/84,17:23:01,49,133
134,10/25/96,17:24:46,71,134
135,8/30/96,23:41:26,66,135
136,1/16/89,4:34:30,56,136
137,9/1/04,4:24:18,50,137
138,6/10/97,21:11:39,85,138
139,9/20/00,1:48:53,54,139
140,8/23/84,16:51:45,43,140
141,1/9/95,19:31:22,27,141
142,3/3/11,20:23:10,84,142
143,10/28/11,9:05:37,39,143
144,9/24/10,11:43:55,45,144
145,10/15/03,0:40:05,2,145
146,8/20/86,19:42:55,36,146
147,6/9/04,8:22:18,32,147
148,6/26/95,1:00:38,96,148
149,12/13/01,6:07:24,17,149
150,7/15/97,6:28:38,42,150
151,9/11/93,18:39:16,77,151
152,5/10/98,15:37:35,35,152
153,5/3/00,22:59:10,89,153
154,2/26/05,20:49:25,42,154
155,11/12/85,8:19:39,90,155
156,10/24/06,4:39:58,10,156
157,9/24/95,15:28:55,38,157
158,1/7/99,5:25:41,1,158
159,7/29/81,14:10:49,84,159
160,11/15/11,17:24:26,10,160
161,3/2/10,23:37:20,10,161
162,1/27/11,9:20:02,98,162
163,6/5/93,14:21:14,84,163
164,7/18/82,7:34:47,91,164
165,8/15/05,11:49:57,90,165
166,8/10/82,6:01:28,12,166
167,2/26/89,22:48:45,47,167
168,2/3/80,7:34:51,54,168
169,3/1/91,19:41:56,91,169
170,9/21/97,21:57:00,67,170
171,12/10/83,13:09:09,18,171
172,12/25/84,1:58:39,58,172
173,3/3/02,23:30:14,47,173
174,12/19/03,5:14:17,92,174
175,3/17/13,21:30:30,89,175
176,5/7/00,3:04:43,18,176
177,10/31/03,10:51:54,43,177
178,5/11/13,17:31:47,8,178
179,7/6/84,4:58:00,44,179
180,3/14/12,9:50:20,56,180
181,2/22/02,11:11:06,71,181
182,10/8/12,10:10:43,95,182
183,4/13/08,18:48:16,54,183
184,1/8/83,20:18:28,100,184
185,10/10/90,0:25:14,8,185
186,2/18/07,17:46:24,69,186
187,7/5/00,20:56:19,42,187
188,2/12/92,13:24:58,16,188
189,12/3/90,1:46:29,31,189
190,12/3/05,11:56:18,58,190
191,7/10/97,4:17:39,80,191
192,1/27/95,16:22:11,77,192
193,3/24/02,8:39:48,49,193
194,10/7/08,17:10:22,75,194
195,12/6/91,9:50:43,79,195
196,1/8/08,8:36:45,75,196
197,8/28/94,17:56:08,72,197
198,3/4/88,3:57:44,25,198
199,7/5/87,11:45:15,35,199
200,2/29/00,22:15:10,15,200
201,5/30/05,1:03:00,83,201
202,5/12/84,18:09:30,22,202
203,6/13/13,22:08:58,87,203
204,11/18/87,1:04:23,75,204
205,12/22/95,20:31:51,5,205
206,6/15/06,1:34:51,31,206
207,3/2/07,11:21:58,6,207
208,12/19/13,23:39:26,34,208
209,11/3/10,13:35:07,32,209
210,6/19/00,9:36:33,71,210
211,10/30/00,2:29:20,3,211
212,9/5/92,16:44:18,50,212
213,2/15/82,13:42:24,49,213
214,5/11/95,0:00:21,13,214
215,4/12/03,11:50:37,77,215
216,7/10/84,1:18:26,57,216
217,12/18/04,4:22:02,82,217
218,4/30/88,19:32:32,13,218
219,7/1/94,4:51:52,74,219
220,12/30/84,12:37:16,32,220
221,7/19/02,8:33:59,26,221
222,8/27/09,4:32:53,77,222
223,12/21/10,0:22:01,20,223
224,1/24/80,3:32:43,59,224
225,1/15/86,9:25:47,14,225
226,3/29/02,23:18:10,13,226
227,5/8/98,15:31:32,17,227
228,4/9/87,21:33:05,49,228
229,12/4/88,15:13:55,3,229
230,10/14/92,15:41:44,6,230
231,5/31/02,3:49:23,22,231
232,3/28/80,19:54:43,48,232
233,11/5/81,3:22:23,66,233
234,1/1/03,3:32:55,54,234
235,6/11/89,23:38:30,44,235
236,7/21/82,1:42:45,53,236
237,6/20/92,13:32:42,51,237
238,12/17/95,14:46:49,98,238
239,9/13/98,0:41:08,6,239
240,10/24/07,13:00:58,13,240
241,3/10/92,10:18:03,74,241
242,3/16/05,21:03:35,50,242
243,12/23/06,6:23:01,64,243
244,5/7/93,12:07:28,9,244
245,9/11/91,5:48:53,74,245
246,2/8/03,8:42:32,49,246
247,3/18/03,13:16:03,47,247
248,2/2/04,13:16:48,18,248
249,2/24/86,7:00:28,92,249
250,8/11/86,11:36:36,73,250
251,12/29/84,1:28:41,54,251
252,12/29/07,12:18:55,94,252
253,8/4/07,8:55:14,48,253
254,1/25/06,11:43:43,46,254
255,7/16/03,5:48:49,32,255
256,2/14/89,15:59:29,2,256
257,5/26/96,14:48:27,21,257
258,12/25/99,6:50:07,37,258
259,3/22/91,8:53:44,27,259
260,11/13/86,16:07:40,18,260
261,5/9/10,18:42:54,91,261
262,4/9/08,8:09:13,76,262
263,10/4/00,3:48:16,71,263
264,5/16/95,1:47:44,54,264
265,6/10/99,0:33:00,30,265
266,12/15/80,22:07:15,33,266
267,8/10/91,3:05:04,85,267
268,1/16/84,1:28:30,93,268
269,10/14/82,2:52:55,91,269
270,6/19/88,2:01:45,78,270
271,10/14/96,18:36:58,10,271
272,7/29/95,13:28:22,70,272
273,4/16/85,17:35:31,62,273
274,4/8/88,6:37:40,84,274
275,7/25/81,22:09:23,29,275
276,5/4/80,6:36:08,63,276
277,12/24/81,7:58:53,44,277
278,11/1/94,17:05:08,26,278
279,10/14/13,8:25:44,43,279
280,6/23/08,7:11:08,5,280
281,2/11/13,16:33:11,78,281
282,7/7/07,6:42:51,5,282
283,5/22/84,11:01:17,9,283
284,8/22/05,2:00:27,52,284
285,9/30/88,3:22:05,81,285
286,11/22/90,11:17:49,40,286
287,11/26/11,0:28:56,91,287
288,5/19/13,16:57:00,65,288
289,11/9/82,12:42:12,60,289
290,9/6/95,0:54:06,46,290
291,3/17/83,6:49:09,33,291
292,10/20/12,10:13:22,63,292
293,11/18/09,19:05:25,59,293
294,3/11/82,23:59:54,82,294
295,8/26/04,1:21:11,43,295
296,4/23/01,6:06:33,15,296
297,5/29/13,2:30:21,81,297
298,12/5/80,8:15:39,33,298
299,5/3/83,10:04:23,9,299
300,6/15/82,18:35:51,28,300
301,6/29/94,3:29:08,87,301
302,11/20/93,0:07:06,4,302
303,6/4/89,5:24:38,23,303
304,7/27/89,4:14:36,39,304
305,4/12/85,1:41:22,84,305
306,12/23/88,2:08:58,1,306
307,1/22/98,7:58:06,28,307
308,11/13/84,3:11:30,16,308
309,10/29/80,2:22:41,100,309
310,5/23/12,0:14:21,13,310
311,9/24/85,2:36:25,79,311
312,2/7/96,10:44:07,8,312
313,4/6/80,14:16:16,15,313
314,9/19/93,14:02:50,40,314
315,4/21/11,7:25:45,70,315
316,3/22/84,22:10:03,89,316
317,5/5/89,2:03:04,41,317
318,8/5/04,12:15:36,29,318
319,9/22/11,19:36:44,90,319
320,2/27/83,4:32:08,48,320
321,11/1/07,20:03:19,4,321
322,1/7/10,16:50:54,71,322
323,9/18/88,21:56:42,29,323
324,6/22/87,18:31:01,15,324
325,11/26/05,13:46:24,74,325
326,1/6/08,15:04:22,3,326
327,11/29/84,15:06:56,56,327
328,11/22/93,16:03:04,36,328
329,6/23/00,6:41:45,80,329
330,3/14/13,7:38:46,65,330
331,10/8/00,15:25:52,61,331
332,4/7/80,18:51:41,81,332
333,10/28/91,22:03:06,54,333
334,11/8/85,5:15:37,65,334
335,3/4/10,19:04:16,82,335
336,3/14/83,23:34:53,66,336
337,2/22/13,15:58:48,76,337
338,2/5/10,21:20:24,95,338
339,11/29/12,13:16:25,56,339
340,9/15/90,5:53:37,65,340
341,4/29/90,5:35:20,6,341
342,11/4/91,10:46:31,31,342
343,2/7/86,14:13:13,17,343
344,6/10/81,11:18:51,58,344
345,12/11/97,4:25:31,12,345
346,2/12/86,18:57:01,48,346
347,7/3/87,7:51:13,91,347
348,8/20/00,9:20:17,50,348
349,3/13/98,2:03:07,69,349
350,12/6/06,6:32:21,44,350
351,4/26/81,9:03:25,37,351
352,8/24/01,4:46:09,78,352
353,7/23/00,13:32:24,59,353
354,9/29/06,1:36:37,98,354
355,11/24/00,21:22:41,65,355
356,8/4/87,15:21:27,29,356
357,3/17/11,14:18:50,69,357
358,10/28/05,6:47:21,79,358
359,5/6/83,17:27:37,22,359
360,6/21/99,14:12:41,74,360
361,5/14/02,2:29:10,36,361
362,9/18/99,13:51:01,40,362
363,9/18/02,11:54:02,67,363
364,3/8/89,19:00:17,14,364
365,10/1/96,4:54:00,57,365
366,6/14/99,14:09:24,78,366
367,3/24/91,17:36:48,23,367
368,5/11/90,19:59:37,78,368
369,11/2/85,15:18:16,66,369
370,10/18/83,10:37:12,43,370
371,4/22/99,11:45:41,71,371
372,4/2/82,20:08:09,23,372
373,2/22/88,12:38:45,66,373
374,4/14/09,1:21:10,86,374
375,2/23/99,1:29:50,50,375
376,12/31/93,6:32:54,16,376
377,7/10/04,5:10:56,100,377
378,10/23/89,11:07:19,82,378
379,5/31/08,13:43:41,49,379
380,9/16/09,7:15:51,18,380
381,8/23/92,14:30:31,78,381
382,5/27/03,15:25:51,30,382
383,6/12/05,14:44:31,32,383
384,1/18/95,19:57:27,80,384
385,10/26/08,15:58:09,23,385
386,4/19/05,3:24:39,65,386
387,8/14/94,9:17:00,6,387
388,11/11/09,2:18:46,44,388
389,11/11/03,14:12:29,78,389
390,8/11/84,18:11:49,37,390
391,4/24/82,7:54:49,88,391
392,12/15/01,13:54:34,7,392
393,1/18/03,9:59:10,7,393
394,4/19/82,16:20:27,69,394
395,7/23/96,17:28:51,73,395
396,5/29/82,15:03:24,69,396
397,11/26/92,19:06:00,44,397
398,11/7/03,18:25:09,10,398
399,12/9/82,12:11:03,90,399
400,12/5/86,14:31:51,13,400
401,11/5/13,22:04:23,65,401
402,1/17/93,2:39:28,98,402
403,3/11/10,20:16:28,10,403
404,2/8/88,10:10:48,89,404
405,1/19/84,13:31:39,6,405
406,12/17/93,14:47:18,64,406
407,6/7/84,7:56:00,78,407
408,2/7/00,9:19:15,54,408
409,10/1/13,12:18:14,80,409
410,2/9/12,18:10:30,19,410
411,10/16/92,8:22:59,27,411
412,10/8/93,8:11:54,90,412
413,9/11/09,13:52:07,65,413
414,1/15/89,11:42:47,52,414
415,7/6/06,18:08:06,86,415
416,4/15/91,8:17:44,43,416
417,8/18/13,21:01:10,31,417
418,4/20/95,7:17:59,22,418
419,4/17/81,13:04:36,54,419
420,4/8/84,16:55:12,9,420
421,9/12/82,16:38:24,48,421
422,12/21/11,22:28:45,73,422
423,7/9/86,12:06:29,19,423
424,6/25/98,9:31:04,65,424
425,3/20/00,19:48:45,30,425
426,5/4/91,0:53:26,79,426
427,1/31/91,10:31:53,100,427
428,6/7/03,19:26:20,98,428
429,9/17/93,7:29:07,73,429
430,11/14/87,14:23:29,25,430
431,12/13/86,7:20:46,79,431
432,11/18/92,23:26:06,37,432
433,6/29/92,5:17:41,96,433
434,12/25/92,23:04:28,11,434
435,7/14/95,8:33:29,18,435
436,6/11/83,7:39:55,71,436
437,3/14/05,8:21:59,99,437
438,10/9/86,7:08:46,55,438
439,2/17/08,23:12:39,100,439
440,1/6/02,23:21:00,55,440
441,11/15/04,14:52:42,17,441
442,12/12/00,14:34:58,61,442
443,9/12/12,23:18:13,87,443
444,3/18/03,1:53:16,97,444
445,6/24/84,23:45:43,75,445
446,7/8/09,0:12:01,84,446
447,4/29/88,22:07:02,76,447
448,6/2/97,20:19:16,3,448
449,7/9/01,23:03:08,51,449
450,6/28/06,5:22:05,83,450
451,2/25/86,4:40:08,89,451
452,7/23/05,19:09:04,43,452
453,3/19/88,5:46:59,30,453
454,10/28/85,22:20:52,33,454
455,7/25/92,23:03:26,36,455
456,5/17/90,10:22:09,65,456
457,3/19/01,13:20:01,59,457
458,1/12/80,20:07:00,99,458
459,11/14/07,11:09:48,25,459
460,4/21/13,6:26:44,13,460
461,7/21/09,18:14:42,2,461
462,11/6/05,2:31:29,59,462
463,5/26/97,12:59:21,88,463
464,11/23/83,8:20:30,89,464
465,11/26/84,13:02:02,38,465
466,5/30/06,23:37:39,22,466
467,12/5/85,6:19:02,55,467
468,8/9/07,8:57:57,42,468
469,2/9/90,8:33:59,7,469
470,5/31/11,7:22:30,89,470
471,4/3/91,8:05:39,47,471
472,11/3/98,5:14:13,93,472
473,6/13/88,22:40:34,14,473
474,8/11/10,4:50:33,58,474
475,8/5/96,20:38:22,98,475
476,1/28/97,22:59:47,25,476
477,5/8/84,21:57:35,17,477
478,7/2/88,6:04:39,14,478
479,6/9/94,20:24:22,56,479
480,11/5/10,13:05:23,93,480
481,10/18/96,16:40:05,44,481
482,5/10/84,13:33:26,96,482
483,1/28/83,18:20:23,5,483
484,4/14/05,11:41:49,13,484
485,8/27/02,19:26:11,46,485
486,9/28/92,4:53:29,91,486
487,4/10/98,9:35:33,47,487
488,1/21/81,8:00:10,66,488
489,4/6/11,21:08:53,81,489
490,5/26/06,19:21:00,58,490
491,3/3/00,14:34:45,38,491
492,9/30/86,15:28:10,21,492
493,9/10/03,6:41:28,27,493
494,1/1/88,18:03:28,78,494
495,10/8/03,15:28:23,37,495
496,1/18/05,16:41:34,86,496
497,4/2/86,15:12:08,48,497
498,8/30/87,2:34:46,81,498
499,3/15/08,11:30:08,58,499
500,9/11/96,6:03:24,97,500
501,9/18/13,0:48:41,31,501
502,3/11/88,11:31:06,63,502
503,6/16/98,20:32:31,85,503
504,6/7/94,15:31:33,49,504
505,1/16/91,16:14:06,32,505
506,2/28/83,6:13:35,84,506
507,8/12/95,0:52:01,69,507
508,9/5/00,10:52:34,58,508
509,1/4/89,8:20:31,70,509
510,12/24/04,13:37:45,47,510
511,5/25/82,20:27:09,65,511
512,11/16/86,21:43:50,17,512
513,6/14/88,10:22:10,43,513
514,2/1/13,6:07:29,94,514
515,7/24/83,17:41:55,19,515
516,3/9/96,2:51:49,1,516
517,5/3/83,18:01:55,70,517
518,11/22/96,23:30:06,20,518
519,5/19/86,10:12:07,46,519
520,2/12/92,14:57:02,35,520
521,3/20/07,3:18:36,1,521
522,5/6/02,19:13:53,87,522
523,1/5/92,11:11:32,57,523
524,2/18/83,15:34:09,23,524
525,7/29/93,10:05:23,68,525
526,5/19/97,16:51:44,85,526
527,1/19/09,13:31:15,95,527
528,11/2/02,12:58:48,83,528
529,4/20/89,11:38:59,82,529
530,5/29/07,18:36:07,29,530
531,9/5/00,18:48:39,19,531
532,7/24/09,14:34:25,8,532
533,4/28/96,21:07:40,9,533
534,2/16/00,1:16:24,96,534
535,4/10/06,6:30:24,72,535
536,10/4/81,5:58:23,62,536
537,4/10/87,7:02:43,91,537
538,3/18/80,21:35:10,82,538
539,1/1/91,17:59:14,67,539
540,1/19/06,9:25:27,62,540
541,6/28/81,2:31:03,49,541
542,1/27/98,1:24:43,26,542
543,5/18/98,22:21:13,79,543
544,10/5/08,5:46:05,56,544
545,7/22/83,10:02:53,77,545
546,8/22/96,18:22:40,55,546
547,12/21/84,4:50:31,10,547
548,10/23/01,0:32:14,87,548
549,12/6/87,17:00:31,45,549
550,3/9/83,0:10:34,28,550
551,4/21/90,9:49:09,64,551
552,8/21/92,11:13:00,62,552
553,9/30/12,6:08:45,13,553
554,2/12/86,20:42:55,60,554
555,2/7/84,14:49:27,50,555
556,11/1/05,23:21:13,24,556
557,6/21/98,10:31:53,95,557
558,12/2/09,20:04:47,63,558
559,12/29/02,8:16:31,75,559
560,12/7/86,3:06:59,79,560
561,4/1/02,23:11:54,7,561
562,10/31/02,20:36:06,85,562
563,4/28/93,16:54:23,28,563
564,6/28/85,4:03:53,45,564
565,12/28/86,23:35:00,12,565
566,7/24/91,0:30:48,41,566
567,3/1/06,15:32:39,90,567
568,5/31/93,18:30:21,56,568
569,10/21/87,1:47:31,7,569
570,7/26/95,8:58:59,21,570
571,12/10/81,23:20:40,65,571
572,12/11/03,7:32:15,35,572
573,1/29/09,9:00:02,54,573
574,6/27/93,16:52:52,71,574
575,12/22/08,14:42:44,25,575
576,9/25/92,4:59:25,90,576
577,3/30/95,5:12:43,51,577
578,2/16/02,10:22:13,35,578
579,12/30/02,12:30:52,78,579
580,4/3/92,22:59:20,29,580
581,11/2/95,9:58:23,51,581
582,8/22/83,6:14:32,13,582
583,12/16/08,11:07:01,61,583
584,10/11/02,8:02:13,21,584
585,5/12/00,18:24:27,32,585
586,9/14/83,0:19:16,73,586
587,2/17/87,5:56:26,56,587
588,11/7/83,22:16:17,62,588
589,5/30/91,16:42:52,53,589
590,6/19/88,0:40:38,9,590
591,10/5/12,13:59:48,48,591
592,12/1/87,21:52:33,40,592
593,12/31/86,15:49:53,46,593
594,5/21/12,14:01:03,87,594
595,1/13/08,3:01:37,67,595
596,7/28/81,16:37:30,29,596
597,11/22/98,11:14:58,79,597
598,5/6/06,21:54:22,42,598
599,1/22/08,15:20:04,69,599
600,4/29/80,15:47:40,15,600
601,7/22/99,18:40:11,40,601
602,6/15/10,11:18:54,60,602
603,4/25/96,22:26:13,68,603
604,11/1/83,21:02:32,71,604
605,3/23/89,8:52:22,68,605
606,10/24/99,19:26:37,90,606
607,2/4/91,23:41:12,54,607
608,9/28/86,9:27:58,4,608
609,1/10/82,19:57:05,48,609
610,9/27/93,17:41:51,23,610
611,4/26/92,10:37:12,55,611
612,7/29/96,2:07:27,67,612
613,10/12/97,9:11:00,89,613
614,7/11/86,16:34:47,100,614
615,10/6/88,6:37:54,6,615
616,5/19/05,10:15:56,86,616
617,1/19/02,0:07:45,41,617
618,10/7/87,14:17:21,8,618
619,4/18/88,8:05:40,98,619
620,6/8/89,10:49:23,87,620
621,12/5/09,18:12:32,25,621
622,5/5/88,18:25:27,15,622
623,1/21/87,11:47:51,17,623
624,9/30/09,21:44:16,44,624
625,6/22/08,0:58:58,8,625
626,10/12/97,6:29:13,89,626
627,7/28/91,16:58:21,12,627
628,1/18/96,12:42:04,28,628
629,10/26/84,18:13:15,29,629
630,5/14/02,7:01:55,10,630
631,6/3/95,20:27:37,53,631
632,10/18/84,2:03:10,71,632
633,6/3/99,13:40:51,100,633
634,4/12/80,10:25:31,92,634
635,10/11/93,20:32:46,82,635
636,2/4/99,2:13:24,87,636
637,7/16/05,7:35:45,1,637
638,6/9/12,0:04:44,98,638
639,1/7/02,8:22:37,38,639
640,12/10/93,12:40:32,95,640
641,11/11/93,0:19:10,79,641
642,4/3/87,2:44:53,69,642
643,12/7/90,7:10:13,60,643
644,3/9/07,16:49:37,54,644
645,5/2/00,23:12:41,8,645
646,12/29/06,9:46:51,5,646
647,12/16/03,22:21:42,96,647
648,7/26/00,18:56:20,56,648
649,2/4/06,3:51:17,33,649
650,4/29/98,20:02:40,80,650
651,12/7/95,5:46:22,44,651
652,8/11/93,8:49:55,6,652
653,11/27/01,19:30:06,62,653
654,9/12/92,9:19:12,15,654
655,6/12/90,13:14:33,44,655
656,12/11/09,19:18:13,45,656
657,5/10/02,7:36:24,79,657
658,9/24/99,17:09:25,90,658
659,6/12/12,22:32:38,5,659
660,6/11/01,4:20:34,59,660
661,7/19/12,16:39:52,40,661
662,8/27/01,7:40:58,64,662
663,12/3/11,14:10:36,7,663
664,7/4/85,14:38:44,48,664
665,12/23/97,2:07:49,53,665
666,2/16/90,11:11:40,90,666
667,12/15/02,3:01:42,41,667
668,8/23/07,2:36:54,26,668
669,11/14/86,19:59:05,92,669
670,1/14/98,20:10:48,96,670
671,6/8/98,12:21:04,83,671
672,8/31/03,14:16:02,5,672
673,4/11/09,17:33:21,21,673
674,6/2/11,2:56:43,100,674
675,8/15/97,11:24:07,46,675
676,2/12/11,8:12:43,21,676
677,8/9/04,7:36:15,17,677
678,5/29/90,8:04:36,65,678
679,4/24/89,5:39:40,98,679
680,1/25/92,15:55:50,38,680
681,4/10/11,22:45:42,28,681
682,8/26/97,18:25:39,7,682
683,7/30/08,22:48:39,5,683
684,10/19/03,18:48:07,96,684
685,7/16/96,15:56:42,13,685
686,2/20/07,7:08:41,87,686
687,1/23/81,11:54:17,90,687
688,6/27/12,1:50:25,76,688
689,8/23/87,18:50:35,52,689
690,2/1/11,6:39:46,32,690
691,6/9/95,20:59:06,64,691
692,6/30/97,4:41:28,100,692
693,2/4/04,17:42:28,17,693
694,9/28/09,9:49:47,90,694
695,6/25/09,7:24:50,32,695
696,3/2/11,19:24:11,11,696
697,11/18/94,0:56:15,77,697
698,4/24/97,1:00:31,82,698
699,8/3/86,15:26:14,89,699
700,12/16/95,7:56:36,48,700
701,1/15/91,21:05:48,64,701
702,11/5/03,21:40:52,82,702
703,3/31/91,18:06:46,37,703
704,9/9/10,1:17:05,46,704
705,3/20/00,14:46:10,83,705
706,6/2/91,9:24:58,42,706
707,8/17/86,5:48:32,97,707
708,10/5/95,2:10:00,35,708
709,7/5/98,2:52:20,11,709
710,3/10/85,16:59:12,70,710
711,9/29/08,13:31:38,78,711
712,2/19/95,6:13:28,27,712
713,9/11/81,17:14:58,56,713
714,10/21/96,2:17:20,2,714
715,4/14/95,20:34:22,99,715
716,11/8/13,12:13:42,61,716
717,3/6/87,11:53:52,77,717
718,9/8/92,14:37:05,38,718
719,6/12/99,6:59:13,89,719
720,10/18/87,1:17:48,25,720
721,4/17/84,13:09:18,26,721
722,2/17/05,16:42:40,74,722
723,7/9/98,21:29:07,76,723
724,11/21/07,3:14:51,17,724
725,3/13/95,18:54:27,85,725
726,8/11/01,2:05:18,28,726
727,5/22/86,8:51:25,47,727
728,1/28/99,17:40:17,82,728
729,6/27/84,17:23:04,93,729
730,7/9/92,7:38:39,22,730
731,1/7/09,3:17:11,9,731
732,5/25/82,22:06:57,37,732
733,12/18/96,7:35:08,11,733
734,6/20/88,6:29:44,81,734
735,6/7/08,12:12:47,76,735
736,5/29/97,23:14:16,48,736
737,8/5/80,21:52:48,47,737
738,11/9/08,11:45:15,77,738
739,4/6/91,15:58:51,12,739
740,12/6/04,12:53:18,67,740
741,7/18/07,16:54:18,4,741
742,9/19/04,13:55:55,53,742
743,7/13/01,22:09:03,45,743
744,8/9/87,12:29:37,65,744
745,12/26/84,7:12:53,81,745
746,1/9/85,19:55:41,44,746
747,2/6/82,3:27:37,11,747
748,9/24/99,1:43:26,85,748
749,6/22/80,8:14:06,26,749
750,12/12/82,4:04:15,92,750
751,1/14/11,0:17:58,96,751
752,2/11/82,9:24:10,20,752
753,11/1/01,23:50:05,63,753
754,12/7/81,17:26:30,46,754
755,6/24/01,5:27:58,26,755
756,6/15/95,10:09:31,63,756
757,1/29/97,19:57:58,96,757
758,10/25/80,23:56:05,43,758
759,2/21/04,21:41:45,50,759
760,11/6/93,20:58:59,49,760
761,7/21/07,18:52:58,52,761
762,12/30/02,4:14:13,67,762
763,2/5/83,12:22:43,47,763
764,6/7/05,7:14:08,56,764
765,8/10/95,1:52:45,55,765
766,1/27/81,3:56:02,10,766
767,2/23/84,0:06:39,92,767
768,9/15/06,22:09:15,42,768
769,11/1/94,23:00:34,25,769
770,7/28/97,1:16:12,80,770
771,6/30/88,14:46:31,6,771
772,1/5/10,12:33:57,76,772
773,6/13/83,12:39:21,35,773
774,9/26/04,17:35:11,6,774
775,11/23/02,1:13:48,38,775
776,11/10/10,4:42:22,20,776
777,9/10/09,3:04:30,9,777
778,1/24/81,4:46:26,35,778
779,3/27/11,9:39:29,96,779
780,1/31/02,0:17:49,90,780
781,1/6/85,14:29:31,98,781
782,1/8/12,14:28:08,82,782
783,9/16/02,7:23:08,65,783
784,1/1/12,8:21:57,95,784
785,5/30/92,22:05:41,53,785
786,12/6/01,4:01:16,90,786
787,6/6/94,17:13:33,80,787
788,12/17/12,12:33:12,95,788
789,7/6/88,1:32:46,15,789
790,8/16/90,21:12:07,23,790
791,11/27/10,18:26:34,67,791
792,8/28/83,1:24:11,98,792
793,5/27/06,11:19:04,16,793
794,2/12/87,4:37:45,8,794
795,2/3/92,8:46:56,30,795
796,10/21/93,5:01:43,28,796
797,2/28/85,11:15:37,1,797
798,10/31/80,1:30:50,46,798
799,7/16/88,1:46:44,24,799
800,11/8/94,22:02:53,21,800
801,7/21/81,13:38:06,69,801
802,11/9/08,20:26:21,41,802
803,7/8/90,1:53:29,43,803
804,5/25/04,8:53:42,76,804
805,9/27/85,15:55:10,71,805
806,5/18/09,14:20:24,48,806
807,4/2/03,10:59:37,18,807
808,8/28/89,18:22:18,26,808
809,12/19/93,12:22:55,77,809
810,12/31/83,1:47:43,97,810
811,12/26/95,5:02:04,99,811
812,10/13/07,18:20:04,11,812
813,7/15/82,2:16:38,30,813
814,8/28/09,3:12:54,51,814
815,9/19/06,6:33:12,3,815
816,2/24/06,18:58:55,78,816
817,5/7/82,10:46:11,56,817
818,11/20/80,18:50:26,76,818
819,4/4/85,12:34:04,77,819
820,12/3/93,11:03:07,100,820
821,11/11/10,23:30:14,2,821
822,8/16/12,9:46:04,99,822
823,12/30/86,20:08:26,75,823
824,2/18/01,2:09:01,58,824
825,7/10/88,11:57:56,2,825
826,5/13/01,16:31:08,3,826
827,10/4/05,3:34:21,5,827
828,9/11/97,12:03:22,52,828
829,11/3/10,12:33:13,5,829
830,9/14/86,1:37:42,70,830
831,1/13/04,23:44:16,7,831
832,10/24/00,2:37:53,25,832
833,3/12/00,18:35:57,65,833
834,4/5/90,22:52:10,73,834
835,11/23/97,16:24:44,62,835
836,5/16/89,16:33:48,26,836
837,4/8/01,18:07:01,62,837
838,8/29/81,0:58:45,11,838
839,11/7/92,10:45:43,26,839
840,8/2/90,2:53:29,75,840
841,8/29/91,15:15:27,70,841
842,7/5/85,7:54:36,43,842
843,3/29/09,4:56:23,18,843
844,12/27/03,17:17:11,79,844
845,6/24/08,14:13:52,68,845
846,12/11/11,22:55:25,62,846
847,7/24/00,7:21:07,20,847
848,9/26/00,21:03:52,74,848
849,1/14/04,0:36:57,8,849
850,4/20/07,3:06:10,100,850
851,7/10/03,6:46:07,4,851
852,6/10/05,13:13:11,67,852
853,5/13/04,0:22:50,42,853
854,10/6/12,6:33:53,44,854
855,8/6/98,22:40:05,89,855
856,4/23/89,15:26:29,2,856
857,8/1/82,19:14:57,53,857
858,9/9/89,10:22:35,47,858
859,5/27/92,19:41:44,83,859
860,2/13/05,15:06:09,86,860
861,4/8/05,22:21:53,78,861
862,7/12/11,1:29:18,68,862
863,2/24/11,3:00:49,3,863
864,1/24/13,23:55:56,38,864
865,9/22/91,13:40:29,51,865
866,12/16/80,15:30:10,51,866
867,10/3/89,12:49:10,17,867
868,5/31/84,14:36:21,2,868
869,8/30/85,11:32:15,13,869
870,5/23/06,2:16:29,90,870
871,4/2/00,11:14:10,6,871
872,10/16/82,7:33:53,82,872
873,9/4/10,5:15:15,5,873
874,9/21/11,8:56:24,10,874
875,4/6/08,21:09:15,43,875
876,6/9/11,1:02:10,12,876
877,6/4/91,22:27:07,4,877
878,5/4/97,4:36:46,33,878
879,11/20/97,21:41:32,35,879
880,1/24/92,0:33:44,78,880
881,3/4/10,15:30:31,11,881
882,2/14/10,6:03:35,76,882
883,5/15/81,15:06:59,100,883
884,7/5/88,9:53:33,4,884
885,9/14/96,4:36:17,92,885
886,2/6/89,13:20:00,39,886
887,11/14/92,3:36:06,44,887
888,12/9/89,14:40:14,68,888
889,9/30/06,3:15:14,6,889
890,11/6/98,11:58:03,73,890
891,3/20/01,16:41:48,58,891
892,6/21/02,2:16:42,97,892
893,12/21/84,7:15:18,86,893
894,4/21/97,8:39:11,5,894
895,12/11/95,17:03:39,9,895
896,5/23/04,9:07:01,36,896
897,9/3/05,22:20:47,72,897
898,2/18/10,12:13:42,27,898
899,12/24/96,14:34:23,58,899
900,12/25/92,9:19:44,67,900
901,5/14/02,23:57:19,67,901
902,8/21/86,20:28:55,76,902
903,10/22/89,19:57:37,53,903
904,5/18/99,18:26:47,87,904
905,11/5/07,4:24:20,23,905
906,12/3/12,12:03:40,71,906
907,6/6/04,0:16:58,62,907
908,1/7/94,19:50:16,3,908
909,8/26/90,13:02:50,57,909
910,6/18/00,21:03:54,38,910
911,12/29/92,21:01:12,89,911
912,7/26/04,22:57:35,71,912
913,11/20/88,7:19:39,92,913
914,10/31/13,14:07:58,66,914
915,12/28/98,22:23:52,38,915
916,4/23/06,14:53:27,45,916
917,1/23/82,11:40:34,61,917
918,3/17/13,3:10:38,76,918
919,9/14/97,20:49:58,31,919
920,8/20/97,6:32:27,51,920
921,10/17/87,11:13:19,41,921
922,7/28/93,10:56:38,44,922
923,5/19/94,2:21:35,83,923
924,1/29/01,8:59:58,96,924
925,10/12/07,18:15:29,3,925
926,9/5/81,8:18:34,76,926
927,5/22/99,18:22:54,89,927
928,5/16/85,19:47:32,15,928
929,5/6/98,6:57:25,94,929
930,11/11/10,19:01:06,35,930
931,9/1/02,8:23:46,60,931
932,7/30/88,20:28:35,89,932
933,11/4/85,0:31:49,80,933
934,5/5/94,3:45:26,69,934
935,5/25/92,16:49:21,11,935
936,7/8/10,1:39:56,64,936
937,9/21/08,22:51:15,86,937
938,11/7/00,4:09:56,67,938
939,2/22/80,20:30:08,5,939
940,7/17/02,11:53:58,5,940
941,6/10/10,16:00:05,37,941
942,9/30/99,20:21:49,40,942
943,5/30/02,19:56:52,37,943
944,7/11/91,4:21:37,100,944
945,10/31/81,20:49:42,30,945
946,10/18/10,16:32:35,100,946
947,11/16/81,1:53:06,40,947
948,10/14/08,11:35:42,14,948
949,10/14/09,5:37:34,26,949
950,1/23/92,23:52:24,71,950
951,3/9/13,11:30:07,60,951
952,1/16/81,14:24:39,92,952
953,2/28/94,21:23:34,84,953
954,5/3/96,7:43:33,67,954
955,3/10/93,21:08:40,8,955
956,4/4/88,7:53:00,70,956
957,5/19/83,2:20:46,45,957
958,5/30/02,20:52:16,77,958
959,9/22/84,22:07:47,41,959
960,1/4/99,10:45:11,72,960
961,3/12/92,3:33:16,19,961
962,10/7/09,7:45:38,17,962
963,9/1/81,11:55:08,78,963
964,5/30/82,16:58:31,76,964
965,3/24/03,12:54:04,6,965
966,8/17/98,11:26:43,70,966
967,10/4/11,5:36:12,34,967
968,6/20/05,18:51:16,48,968
969,11/4/93,12:40:54,91,969
970,1/27/96,0:55:49,44,970
971,7/13/11,12:55:52,75,971
972,2/11/80,0:01:07,37,972
973,3/21/93,23:52:10,55,973
974,9/25/91,4:19:57,63,974
975,2/8/83,4:38:08,62,975
976,4/5/93,20:35:58,48,976
977,4/12/85,8:06:41,17,977
978,11/14/02,22:38:41,92,978
979,10/26/96,5:13:26,44,979
980,12/27/99,10:57:28,19,980
981,7/21/82,17:50:58,56,981
982,7/8/92,15:28:10,77,982
983,6/30/06,13:23:14,36,983
984,1/6/83,16:40:33,99,984
985,1/3/82,14:51:38,95,985
986,6/25/83,14:40:50,90,986
987,7/27/13,5:39:59,73,987
988,2/13/13,19:06:56,54,988
989,7/11/12,16:19:48,37,989
990,11/26/01,4:13:41,6,990
991,1/24/85,12:27:20,86,991
992,9/7/09,22:55:26,58,992
993,3/12/01,16:52:47,29,993
994,9/25/97,17:22:27,97,994
995,8/19/96,11:59:20,29,995
996,8/31/86,15:26:32,91,996
997,8/16/80,1:01:59,12,997
998,5/10/87,4:17:32,67,998
999,5/11/10,7:54:32,62,999
1000,4/15/07,0:59:43,40,1000
1001,5/10/97,22:33:38,32,155
1002,4/15/02,5:56:29,55,598
1003,7/14/92,3:11:29,73,168
1004,2/19/81,17:51:14,15,582
1005,10/20/95,13:41:22,81,861
1006,4/11/82,17:40:01,59,698
1007,10/31/97,8:25:45,77,871
1008,8/1/96,5:59:27,11,374
1009,11/4/13,16:27:18,82,970
1010,9/2/86,15:14:22,32,308
1011,12/16/86,1:27:40,61,1
1012,5/14/13,8:46:35,19,402
1013,3/31/90,10:41:54,43,481
1014,7/14/98,16:05:03,56,65
1015,8/6/04,12:53:17,45,376
1016,12/27/04,19:40:39,81,416
1017,7/16/88,19:31:30,8,109
1018,6/12/92,19:42:06,51,644
1019,4/3/97,4:05:47,95,707
1020,10/25/07,15:10:38,68,746
1021,10/2/84,1:04:25,48,915
1022,8/25/11,6:12:31,51,73
1023,2/1/93,1:03:01,58,768
1024,9/19/90,14:36:43,82,37
1025,12/12/86,2:29:36,33,538
1026,1/20/94,2:15:36,50,391
1027,6/27/04,4:17:41,55,92
1028,10/3/05,18:34:11,74,74
1029,12/28/03,8:21:00,19,546
1030,12/23/08,16:50:33,70,948
1031,10/12/03,10:39:06,44,677
1032,3/5/96,7:32:33,10,314
1033,1/8/13,5:28:44,22,535
1034,9/14/83,8:08:23,25,740
1035,9/17/13,8:55:46,79,857
1036,10/13/85,12:56:16,49,430
1037,11/21/88,18:00:33,34,720
1038,10/16/86,14:07:24,55,674
1039,6/6/93,1:46:20,59,358
1040,6/17/90,0:07:32,48,297
1041,9/6/89,20:58:04,39,964
1042,6/7/98,1:26:15,80,793
1043,3/2/80,19:53:50,90,389
1044,2/16/10,18:03:20,29,745
1045,12/16/96,23:24:40,30,518
1046,4/13/03,22:55:21,47,986
1047,8/14/01,12:53:34,19,187
1048,3/31/98,18:03:36,66,511
1049,3/26/09,7:30:34,35,649
1050,1/16/09,0:38:28,6,554
1051,8/25/90,14:26:15,32,179
1052,5/23/96,22:59:37,16,124
1053,6/22/93,6:52:32,54,990
1054,10/11/89,12:44:15,9,852
1055,2/5/90,19:44:19,96,930
1056,7/23/92,5:08:19,15,753
1057,5/16/88,10:19:35,98,823
1058,5/1/91,8:23:50,99,109
1059,3/1/84,10:30:13,64,565
1060,7/25/97,3:54:40,8,650
1061,11/18/98,17:46:27,84,174
1062,11/12/13,6:00:33,50,156
1063,7/6/09,10:16:35,69,691
1064,11/12/83,7:34:25,56,758
1065,4/22/95,11:55:19,70,404
1066,7/24/06,14:28:01,40,67
1067,8/18/84,9:57:29,77,854
1068,9/27/12,5:31:08,6,278
1069,6/20/04,17:37:34,59,219
1070,8/6/09,22:04:23,55,266
1071,5/12/05,23:58:50,31,187
1072,9/30/10,5:25:40,66,920
1073,12/11/05,6:25:05,42,578
1074,9/12/95,11:40:10,67,966
1075,9/5/13,21:12:05,85,190
1076,2/21/12,20:21:25,64,672
1077,2/27/11,16:49:51,28,315
1078,10/31/80,20:41:34,61,298
1079,4/13/09,10:14:28,100,980
1080,7/11/13,0:58:01,47,395
1081,11/20/12,13:25:32,2,674
1082,11/14/09,16:19:33,43,736
1083,9/7/94,6:33:49,4,289
1084,9/23/92,20:10:53,34,291
1085,8/6/91,4:25:23,61,524
1086,11/15/84,7:15:57,45,197
1087,3/24/92,1:25:37,7,8
1088,12/31/81,0:30:26,20,434
1089,9/9/03,3:21:49,52,147
1090,10/20/07,0:44:51,61,764
1091,1/28/92,4:37:42,34,974
1092,11/28/84,13:18:00,40,498
1093,4/11/91,19:15:32,98,383
1094,6/7/08,13:20:59,17,653
1095,3/24/85,16:30:29,43,578
1096,12/13/89,22:04:05,22,527
1097,11/19/81,9:37:17,76,498
1098,7/4/93,18:10:15,25,979
1099,12/11/93,4:39:53,27,663
1100,11/19/89,15:06:59,66,684
1101,9/14/13,10:15:45,21,905
1102,3/31/96,1:08:26,87,222
1103,12/2/87,16:28:17,66,961
1104,4/19/91,15:47:38,89,802
1105,1/28/80,9:03:11,78,233
1106,11/29/82,11:24:53,87,464
1107,1/10/90,10:01:17,59,547
1108,2/20/08,14:47:18,36,662
1109,5/25/98,14:20:09,69,739
1110,1/25/96,22:30:28,9,261
1111,6/21/84,21:14:42,24,698
1112,4/4/05,2:29:42,84,673
1113,12/25/93,13:18:16,89,196
1114,11/21/83,17:31:18,43,491
1115,5/21/03,13:21:01,59,295
1116,11/6/91,2:03:37,23,243
1117,5/10/06,12:44:57,94,101
1118,11/6/94,16:20:42,48,822
1119,7/3/87,3:47:23,86,939
1120,5/21/86,5:32:55,92,539
1121,4/23/97,23:28:57,47,549
1122,5/17/05,19:21:26,49,62
1123,5/9/11,4:21:23,2,83
1124,8/8/13,10:11:55,39,735
1125,1/19/86,20:45:58,7,667
1126,3/28/97,23:30:58,70,460
1127,3/28/80,16:13:27,10,309
1128,5/2/89,2:35:27,4,107
1129,4/26/07,13:02:24,26,401
1130,4/27/03,9:45:23,69,451
1131,10/16/80,5:03:30,57,899
1132,5/2/95,1:09:04,58,389
1133,1/25/09,9:18:41,73,553
1134,3/27/12,0:27:17,51,151
1135,3/7/87,3:22:44,67,13
1136,3/27/81,9:06:59,32,359
1137,2/19/09,19:11:01,38,144
1138,2/24/94,14:45:47,85,68
1139,5/24/94,3:55:30,91,96
1140,5/1/89,11:43:34,51,965
1141,10/24/92,13:05:03,37,680
1142,1/8/97,7:01:47,35,598
1143,8/28/91,14:38:51,97,291
1144,8/18/93,2:01:35,37,198
1145,2/12/09,20:25:27,41,51
1146,5/3/00,14:06:32,85,857
1147,12/6/83,17:43:02,38,147
1148,5/12/99,7:58:43,48,743
1149,4/23/89,4:37:55,55,74
1150,3/26/89,3:32:54,26,112
1151,12/1/03,10:42:33,47,255
1152,9/20/99,14:26:13,61,392
1153,8/7/06,3:14:00,28,259
1154,5/19/80,22:48:57,28,622
1155,10/5/04,6:28:26,13,532
1156,4/1/00,4:06:02,41,337
1157,10/9/93,14:11:35,72,318
1158,1/8/97,0:05:03,11,134
1159,9/17/83,2:09:23,87,289
1160,6/17/94,23:31:32,30,538
1161,10/11/13,12:10:45,8,856
1162,3/16/81,15:07:45,74,459
1163,2/12/01,2:46:18,56,782
1164,12/16/90,6:24:46,66,437
1165,12/5/12,3:08:09,95,228
1166,7/22/05,4:59:02,87,88
1167,3/19/13,14:34:36,25,259
1168,11/29/03,22:05:43,57,895
1169,11/29/93,9:59:57,8,377
1170,8/10/02,11:11:52,72,772
1171,12/30/03,2:40:53,72,348
1172,1/3/92,2:50:55,6,581
1173,10/12/99,4:23:12,76,71
1174,8/1/07,8:19:51,6,636
1175,2/4/08,4:25:42,17,904
1176,11/25/89,22:20:37,53,405
1177,3/9/94,19:09:35,83,280
1178,2/6/90,13:45:29,4,166
1179,12/6/81,17:39:45,13,340
1180,3/2/98,9:27:18,85,195
1181,5/13/89,10:02:05,48,973
1182,2/10/93,7:37:08,87,142
1183,9/9/83,6:06:31,12,205
1184,6/7/11,23:55:17,76,633
1185,7/23/94,13:39:37,95,320
1186,7/23/86,5:03:10,63,227
1187,6/23/92,23:40:19,16,905
1188,1/16/86,4:20:28,9,389
1189,9/4/88,13:50:25,68,158
1190,10/19/99,1:48:43,38,719
1191,1/18/89,9:27:57,75,651
1192,4/7/00,8:39:55,88,616
1193,4/6/87,7:01:07,12,855
1194,1/28/99,20:57:08,82,770
1195,12/11/80,3:27:28,31,861
1196,5/8/94,14:31:17,72,864
1197,4/4/01,18:01:17,6,817
1198,2/21/81,15:47:52,30,464
1199,5/15/81,8:49:25,26,725
1200,8/2/88,18:28:34,7,966
1201,9/10/97,19:39:15,15,96
1202,4/22/80,11:47:32,88,176
1203,2/6/00,2:47:10,8,3
1204,12/7/81,14:01:16,14,508
1205,9/29/11,14:21:53,18,883
1206,2/8/88,9:25:26,59,192
1207,7/17/04,14:26:37,4,997
1208,8/22/97,7:36:24,77,256
1209,5/17/85,5:34:37,57,521
1210,6/14/87,20:20:37,43,971
1211,8/27/08,17:56:07,20,115
1212,9/1/97,17:01:27,40,311
1213,5/4/03,15:20:02,14,269
1214,7/11/85,12:49:23,76,801
1215,6/3/10,18:53:04,33,846
1216,3/11/97,18:29:38,31,496
1217,8/18/82,19:00:17,6,364
1218,6/8/03,20:56:35,31,444
1219,4/20/88,7:40:17,18,724
1220,7/1/80,8:17:52,44,815
1221,3/1/89,10:24:05,13,889
1222,2/19/90,8:19:17,10,525
1223,5/27/11,20:41:03,27,38
1224,3/18/81,2:44:38,9,238
1225,12/19/89,16:56:26,50,653
1226,7/6/05,17:27:28,14,434
1227,11/8/00,5:32:59,76,62
1228,9/5/08,23:35:42,22,101
1229,7/18/89,13:32:51,55,847
1230,5/7/80,21:59:58,95,221
1231,12/13/98,7:44:55,13,750
1232,5/4/98,23:38:45,53,346
1233,4/15/10,20:16:28,53,44
1234,3/16/06,13:55:20,78,676
1235,6/7/06,6:40:50,45,27
1236,4/9/81,10:35:52,79,246
1237,4/12/05,23:50:49,44,622
1238,7/1/12,10:13:44,77,412
1239,10/9/93,18:08:17,65,59
1240,7/10/91,0:49:04,84,604
1241,6/8/88,7:43:47,51,69
1242,7/15/96,4:51:21,1,760
1243,10/8/08,9:53:08,58,138
1244,11/16/09,23:40:51,26,113
1245,8/7/09,16:41:07,31,62
1246,4/5/05,22:52:44,88,53
1247,11/16/05,23:17:53,51,951
1248,1/18/97,16:07:16,91,919
1249,8/7/09,9:27:03,13,139
1250,8/24/12,22:19:44,19,343
1251,6/5/12,0:49:38,7,982
1252,3/6/93,2:31:04,37,27
1253,2/7/01,17:27:13,41,912
1254,1/24/98,5:29:48,83,35
1255,5/24/84,2:30:33,44,184
1256,7/7/99,6:08:25,22,165
1257,3/7/92,6:38:10,25,402
1258,9/28/01,12:52:27,98,597
1259,7/14/92,0:10:47,29,253
1260,5/16/93,22:25:18,15,171
1261,8/10/12,20:42:56,37,285
1262,5/28/95,22:21:12,19,51
1263,6/28/97,19:24:17,1,962
1264,5/2/12,8:59:29,61,27
1265,4/30/82,1:05:24,2,31
1266,4/23/12,20:38:35,61,745
1267,9/20/91,14:45:42,25,537
1268,2/16/84,16:39:01,61,764
1269,6/18/84,4:32:31,27,473
1270,4/17/02,21:21:45,71,260
1271,7/20/94,9:08:50,81,232
1272,1/30/81,17:24:32,51,626
1273,6/1/91,19:01:45,82,886
1274,9/12/90,1:57:19,48,529
1275,11/22/11,1:38:44,18,926
1276,7/31/93,22:40:30,91,172
1277,5/5/99,8:47:23,18,375
1278,12/27/07,14:20:27,70,749
1279,7/27/89,4:42:41,47,393
1280,1/19/99,7:12:09,73,156
1281,5/26/13,7:35:59,16,659
1282,1/27/80,20:51:13,56,239
1283,3/11/13,21:50:38,52,871
1284,7/11/11,6:26:06,100,960
1285,3/8/95,18:54:24,7,568
1286,10/28/02,5:19:39,26,162
1287,9/3/99,2:27:40,100,841
1288,3/5/04,12:01:18,93,318
1289,7/10/12,0:10:34,72,539
1290,9/29/02,21:41:11,17,250
1291,4/9/92,19:14:29,1,549
1292,9/5/08,18:55:49,48,436
1293,4/15/11,9:10:33,99,411
1294,6/17/90,15:07:28,35,181
1295,2/15/11,3:59:44,9,119
1296,3/4/81,3:56:51,23,27
1297,6/9/95,2:03:47,53,346
1298,2/15/88,12:44:29,35,42
1299,6/30/80,2:47:13,82,511
1300,7/30/87,16:43:36,3,810
1301,12/25/06,12:19:18,41,70
1302,2/15/89,14:21:29,63,397
1303,10/18/12,3:27:22,94,335
1304,11/4/12,0:07:02,6,649
1305,3/24/85,18:57:16,100,391
1306,11/25/00,6:50:24,62,19
1307,5/3/03,3:00:53,5,714
1308,11/30/84,21:40:02,24,503
1309,5/8/98,18:09:21,37,223
1310,6/28/96,23:59:46,80,925
1311,5/9/88,9:58:37,47,371
1312,5/5/94,14:46:03,59,310
1313,5/27/82,13:27:28,51,656
1314,11/17/98,13:53:13,35,112
1315,7/17/81,9:06:53,75,55
1316,11/7/13,5:59:18,35,312
1317,5/30/96,13:34:01,17,527
1318,4/13/93,6:11:16,10,736
1319,8/7/07,9:33:10,34,185
1320,5/12/90,7:31:43,61,585
1321,10/28/90,6:24:20,20,429
1322,8/21/89,9:03:53,16,814
1323,10/10/03,14:33:18,20,500
1324,3/8/86,21:47:59,46,393
1325,2/8/96,21:07:46,43,552
1326,2/1/90,9:02:56,66,508
1327,4/18/98,1:36:47,9,650
1328,12/23/80,10:18:56,84,772
1329,10/23/86,10:32:00,38,905
1330,3/13/04,14:21:53,66,736
1331,3/20/12,23:19:04,92,571
1332,1/26/92,5:07:41,90,229
1333,11/18/05,9:09:49,5,359
1334,6/11/85,8:00:04,75,919
1335,7/5/94,10:43:07,86,265
1336,8/26/91,5:26:11,9,672
1337,11/23/08,12:24:14,19,385
1338,10/9/10,15:04:10,95,961
1339,7/16/85,14:23:20,93,636
1340,3/7/85,15:54:07,97,664
1341,12/2/80,17:28:34,55,762
1342,10/29/88,20:29:13,16,954
1343,5/19/92,0:06:08,19,34
1344,2/13/13,6:12:29,65,589
1345,5/16/95,0:31:54,66,842
1346,12/31/91,23:35:42,88,625
1347,6/9/02,2:35:09,11,133
1348,10/31/03,19:38:49,55,64
1349,1/25/08,10:03:51,33,427
1350,5/2/89,23:26:06,49,494
1351,10/26/08,22:42:54,88,468
1352,4/23/13,10:36:28,9,361
1353,7/28/92,9:53:21,31,8
1354,8/10/85,8:46:17,74,213
1355,9/23/91,5:29:58,11,608
1356,8/6/02,6:25:39,52,295
1357,1/30/89,13:02:28,7,633
1358,5/12/93,15:59:43,71,141
1359,4/16/91,17:18:48,53,951
1360,5/31/86,16:45:08,46,155
1361,12/14/95,2:57:48,48,640
1362,1/30/11,12:29:11,47,547
1363,6/1/12,10:10:48,28,801
1364,3/27/06,5:12:23,55,28
1365,10/4/89,17:30:24,38,239
1366,5/24/01,23:55:07,94,131
1367,4/28/95,17:28:00,46,740
1368,11/9/10,21:03:40,24,916
1369,12/14/13,9:23:44,76,801
1370,11/18/10,2:00:35,3,668
1371,12/14/99,4:11:22,19,265
1372,6/19/89,23:45:11,8,889
1373,11/22/96,4:00:12,88,62
1374,8/24/96,8:14:23,74,458
1375,11/7/07,12:19:19,97,905
1376,11/4/83,23:02:43,71,124
1377,8/22/08,17:41:03,47,488
1378,5/5/07,13:00:32,51,596
1379,9/30/01,17:24:21,38,849
1380,7/10/88,9:06:38,48,625
1381,3/11/99,10:30:41,86,613
1382,12/16/10,0:50:00,85,178
1383,8/24/08,16:01:54,12,673
1384,10/31/94,10:49:59,23,482
1385,11/23/87,13:33:34,3,469
1386,7/20/97,18:00:05,77,234
1387,1/16/09,14:27:31,13,263
1388,1/29/09,13:50:34,25,743
1389,5/20/88,5:33:54,22,126
1390,7/21/07,9:50:13,50,697
1391,8/20/96,19:28:59,100,817
1392,11/24/03,21:20:16,41,444
1393,4/22/88,6:00:04,77,777
1394,6/17/94,16:18:29,50,129
1395,5/28/11,0:14:49,74,369
1396,6/27/12,22:32:22,38,68
1397,10/7/05,16:53:31,64,841
1398,7/22/94,15:46:14,57,929
1399,7/30/04,23:14:47,8,817
1400,3/20/00,10:48:01,24,359
1401,10/3/08,21:23:04,60,92
1402,9/15/01,13:11:48,94,49
1403,10/28/98,7:09:07,34,29
1404,4/23/83,11:34:47,74,81
1405,1/11/97,12:11:31,23,781
1406,9/17/03,1:12:45,92,717
1407,12/20/02,16:49:26,8,471
1408,4/12/05,15:24:32,19,941
1409,4/26/05,14:28:40,22,792
1410,11/1/04,0:55:41,89,985
1411,3/25/80,20:55:05,42,882
1412,3/19/10,13:16:14,93,949
1413,3/14/99,15:40:00,16,255
1414,3/9/97,12:22:49,77,235
1415,9/28/00,22:15:11,61,474
1416,10/1/06,5:53:54,19,836
1417,11/22/90,6:24:12,91,470
1418,11/6/88,8:05:53,44,787
1419,11/15/91,14:26:33,68,384
1420,1/17/09,23:10:21,4,377
1421,9/19/86,21:14:56,37,452
1422,5/18/98,8:21:23,36,655
1423,1/1/92,14:33:00,55,32
1424,2/20/00,13:54:20,82,576
1425,1/26/96,11:19:55,88,559
1426,7/23/05,15:22:00,96,70
1427,2/3/94,14:26:40,16,817
1428,5/31/95,12:45:50,52,100
1429,12/4/94,3:08:27,90,933
1430,2/19/04,22:28:30,98,269
1431,8/7/80,17:06:26,83,359
1432,11/26/81,20:46:57,86,861
1433,6/7/11,12:44:24,79,104
1434,8/23/12,6:51:33,11,711
1435,2/14/80,3:57:36,13,19
1436,10/17/01,0:28:44,76,460
1437,4/17/83,10:38:56,41,286
1438,7/21/82,18:19:28,78,451
1439,1/15/12,4:11:03,22,772
1440,6/20/88,6:06:39,65,489
1441,5/25/06,11:40:47,45,551
1442,2/21/03,1:29:21,10,155
1443,4/7/02,14:15:23,37,978
1444,10/21/90,6:58:23,100,999
1445,6/21/10,23:32:40,37,446
1446,2/5/03,8:40:18,72,680
1447,7/28/85,11:46:40,76,682
1448,5/19/04,12:51:52,15,574
1449,4/10/95,5:26:10,64,358
1450,10/18/86,18:11:07,42,835
1451,10/19/12,10:37:25,25,793
1452,10/31/05,6:25:01,82,537
1453,11/15/91,15:44:46,45,49
1454,7/14/09,5:07:49,83,585
1455,2/22/00,17:33:53,82,976
1456,1/8/04,17:38:11,74,204
1457,9/8/00,4:05:28,23,515
1458,3/8/95,6:46:56,63,95
1459,5/1/81,9:32:33,43,470
1460,7/11/89,9:23:44,85,103
1461,3/5/91,14:54:52,23,510
1462,4/10/99,10:47:14,53,783
1463,10/14/86,16:38:36,15,422
1464,3/21/95,18:58:39,91,799
1465,5/2/90,19:54:45,84,977
1466,12/8/12,19:48:06,71,400
1467,1/11/07,8:50:08,84,532
1468,4/11/92,19:48:47,87,19
1469,9/1/05,21:06:08,42,705
1470,5/2/09,8:03:39,90,547
1471,10/6/84,10:38:53,44,186
1472,9/30/91,0:56:07,85,965
1473,12/30/94,17:26:53,14,210
1474,12/4/85,19:38:09,69,502
1475,8/6/11,7:24:41,41,78
1476,9/7/80,12:18:34,86,650
1477,4/17/03,23:06:47,25,567
1478,1/24/94,11:50:49,4,813
1479,11/4/81,2:32:51,65,203
1480,10/13/82,6:47:17,88,241
1481,10/26/89,7:57:18,63,672
1482,10/18/01,15:36:51,49,461
1483,5/9/93,16:38:16,34,553
1484,1/7/87,19:04:27,73,220
1485,3/1/11,7:54:25,20,239
1486,7/12/06,4:17:41,6,381
1487,8/20/09,11:57:36,16,673
1488,3/10/89,22:57:23,10,556
1489,9/13/99,14:30:54,97,434
1490,8/1/06,1:12:26,74,145
1491,8/20/82,13:06:06,11,412
1492,1/28/87,0:25:08,81,508
1493,10/20/00,9:27:27,49,499
1494,8/9/84,1:38:31,38,616
1495,7/21/89,20:07:14,75,772
1496,3/23/95,21:24:04,82,578
1497,6/25/01,13:20:21,21,186
1498,4/5/94,19:08:07,15,338
1499,5/12/87,8:55:01,54,552
1500,3/28/97,23:50:32,38,766
1501,4/15/83,2:37:50,82,584
1502,12/15/86,20:16:18,33,469
1503,3/6/85,16:48:59,55,309
1504,7/13/10,8:16:52,93,161
1505,5/28/01,10:58:44,90,85
1506,11/27/07,14:58:28,63,92
1507,8/28/13,13:51:46,65,657
1508,4/20/11,21:16:51,13,284
1509,4/8/02,19:22:57,12,440
1510,10/29/10,19:02:36,100,90
1511,11/30/80,13:47:04,47,518
1512,5/6/92,2:40:52,40,131
1513,7/14/08,3:20:53,32,818
1514,8/11/99,11:25:36,29,956
1515,6/27/93,9:56:00,15,978
1516,3/27/91,1:30:51,47,8
1517,7/30/12,22:16:34,87,291
1518,3/21/82,23:30:19,83,863
1519,7/10/93,20:10:17,11,31
1520,5/30/12,14:37:52,75,69
1521,9/27/90,23:39:43,5,915
1522,11/11/86,9:46:24,58,608
1523,8/29/93,4:09:18,87,720
1524,3/8/91,20:46:47,47,104
1525,9/7/86,20:55:01,1,934
1526,12/2/10,13:06:09,82,521
1527,6/16/87,23:16:45,38,473
1528,1/16/04,19:01:33,23,282
1529,8/20/84,8:30:52,78,461
1530,3/23/01,13:28:57,68,918
1531,2/12/03,15:20:34,9,867
1532,7/1/93,10:55:41,72,352
1533,12/12/95,9:00:59,45,191
1534,10/18/81,10:04:31,25,470
1535,8/8/80,2:56:55,1,447
1536,7/19/80,2:00:50,90,735
1537,7/29/04,14:38:38,9,809
1538,7/21/80,13:53:17,94,863
1539,6/22/95,4:34:18,53,534
1540,3/10/01,2:57:19,62,564
1541,5/22/98,3:00:28,6,876
1542,5/2/09,7:13:58,85,834
1543,8/22/06,8:13:29,80,534
1544,7/7/95,10:48:01,59,878
1545,4/2/13,1:15:25,87,253
1546,12/29/02,1:26:58,47,12
1547,2/5/88,8:39:34,94,60
1548,7/8/80,12:48:33,15,448
1549,3/15/99,4:31:54,68,75
1550,11/9/97,13:16:47,97,273
1551,4/11/90,0:36:58,84,749
1552,7/2/05,5:15:50,53,617
1553,10/6/86,10:27:57,38,330
1554,7/28/81,2:46:09,36,16
1555,12/9/04,1:20:56,31,935
1556,9/24/97,22:02:59,1,380
1557,10/30/10,4:27:29,42,369
1558,11/24/87,9:01:18,100,5
1559,1/28/85,16:18:29,19,271
1560,11/10/02,6:29:57,68,841
1561,4/12/99,12:21:30,54,299
1562,8/31/05,12:04:54,12,267
1563,3/5/99,2:43:08,57,856
1564,6/30/81,1:01:11,62,889
1565,11/22/90,21:55:23,91,781
1566,11/4/06,23:14:43,52,244
1567,8/27/87,7:57:16,71,722
1568,4/20/90,6:51:39,45,736
1569,4/1/95,4:07:36,40,171
1570,5/14/03,23:29:19,53,643
1571,4/27/84,4:18:54,36,770
1572,11/1/86,9:29:37,39,338
1573,9/3/94,12:09:27,91,722
1574,1/24/98,2:40:02,54,648
1575,12/4/86,9:27:23,81,544
1576,5/10/95,22:43:30,98,238
1577,6/26/88,0:44:01,41,404
1578,2/18/02,2:27:58,64,768
1579,1/8/85,7:48:59,84,371
1580,3/3/12,16:47:25,3,244
1581,10/11/10,18:52:37,74,566
1582,8/18/93,15:17:03,41,263
1583,3/15/85,20:57:51,29,98
1584,2/28/07,9:27:50,11,300
1585,10/26/04,21:01:50,10,431
1586,9/3/91,13:58:26,23,997
1587,1/17/02,10:57:20,85,156
1588,11/17/13,19:35:24,61,879
1589,1/22/00,17:22:47,40,645
1590,6/23/84,15:33:49,94,119
1591,4/6/81,14:00:47,25,293
1592,6/1/99,17:10:53,72,624
1593,7/2/97,10:43:09,63,406
1594,4/7/94,12:34:28,6,315
1595,8/17/07,8:45:36,36,210
1596,7/12/13,5:47:05,22,260
1597,5/27/85,19:30:49,62,70
1598,5/6/06,9:10:56,77,878
1599,6/11/86,8:50:57,61,517
1600,8/16/12,22:35:25,30,260
1601,1/19/87,11:42:24,100,897
1602,11/8/02,14:50:33,46,948
1603,1/15/89,18:50:21,51,918
1604,3/10/91,1:08:34,73,719
1605,7/8/98,9:06:35,55,971
1606,4/8/12,17:40:03,77,849
1607,10/10/91,23:05:41,7,519
1608,11/14/85,16:02:57,100,992
1609,8/28/99,22:55:01,58,730
1610,2/7/99,17:54:47,89,581
1611,7/15/93,4:11:56,25,167
1612,9/22/07,22:11:36,98,243
1613,9/25/12,17:48:42,97,516
1614,2/8/84,5:44:21,95,175
1615,2/20/88,3:50:19,69,548
1616,1/26/04,4:34:46,96,551
1617,11/15/08,15:04:46,35,187
1618,7/18/95,8:43:28,62,824
1619,12/31/88,14:19:32,39,213
1620,10/23/04,7:19:20,25,950
1621,10/15/86,7:47:42,93,286
1622,7/20/10,17:29:10,99,730
1623,9/2/02,18:00:02,57,700
1624,6/2/11,10:26:37,34,580
1625,3/16/83,16:03:51,22,264
1626,10/5/90,16:23:34,96,750
1627,12/18/04,3:15:14,99,760
1628,11/13/12,19:10:47,6,434
1629,4/25/86,7:29:49,92,128
1630,3/17/04,1:00:00,86,627
1631,5/6/00,12:27:07,78,384
1632,4/28/91,6:21:31,15,675
1633,4/14/96,14:54:13,93,448
1634,9/8/93,23:23:47,81,292
1635,5/13/83,22:06:54,15,759
1636,6/18/81,1:04:45,68,103
1637,9/21/86,7:53:48,68,289
1638,1/4/85,7:51:44,1,584
1639,10/22/99,2:44:58,54,927
1640,5/27/03,5:11:39,64,619
1641,4/23/08,12:06:30,18,418
1642,1/12/97,10:10:59,54,358
1643,2/18/01,14:41:02,6,113
1644,12/20/85,13:18:10,75,334
1645,5/17/94,2:55:44,41,494
1646,6/19/01,16:17:16,36,473
1647,4/17/80,12:24:07,82,303
1648,7/26/08,15:17:34,20,795
1649,6/2/11,1:27:10,7,885
1650,9/29/82,10:51:53,81,113
1651,6/2/98,10:36:28,12,151
1652,10/6/93,23:24:12,35,12
1653,6/26/06,13:40:51,41,638
1654,5/10/09,20:42:44,52,655
1655,8/29/85,5:19:29,94,587
1656,9/3/91,5:36:11,75,156
1657,2/10/04,3:29:07,67,13
1658,11/3/02,3:42:17,58,842
1659,3/13/88,16:13:01,62,311
1660,6/26/11,8:01:48,80,310
1661,2/21/81,4:09:08,37,224
1662,4/14/97,23:41:06,63,93
1663,3/14/93,20:41:46,82,843
1664,11/14/82,2:35:05,52,478
1665,10/28/11,0:00:49,68,262
1666,5/19/98,17:42:34,61,980
1667,11/2/97,13:59:31,24,209
1668,9/25/12,0:49:57,59,947
1669,5/23/96,19:42:07,40,856
1670,6/25/99,19:21:44,8,420
1671,11/26/86,19:18:13,39,79
1672,12/25/89,5:10:32,60,447
1673,4/24/84,20:29:57,99,465
1674,7/21/09,10:36:29,56,958
1675,3/3/83,16:58:36,40,118
1676,5/31/06,23:47:01,3,168
1677,3/27/89,18:02:11,51,650
1678,7/2/11,2:21:22,38,938
1679,7/30/88,11:36:50,60,534
1680,2/27/06,11:37:51,9,225
1681,10/11/01,19:19:25,11,225
1682,3/28/06,5:29:50,94,372
1683,11/9/87,7:34:31,70,18
1684,10/17/88,10:40:11,30,682
1685,10/26/00,17:08:54,32,145
1686,8/3/89,6:10:49,38,615
1687,12/13/99,3:30:07,23,831
1688,11/27/99,8:44:48,13,222
1689,12/13/02,18:50:29,26,264
1690,12/29/80,3:31:53,91,223
1691,6/23/05,2:42:57,19,617
1692,2/20/86,9:57:13,11,614
1693,6/23/88,6:59:11,42,152
1694,5/17/07,4:56:43,59,850
1695,5/17/96,8:39:42,19,231
1696,2/3/88,14:01:51,22,738
1697,10/1/81,8:17:01,45,916
1698,1/22/06,1:34:56,58,44
1699,1/13/83,14:07:43,24,22
1700,8/19/05,8:39:13,89,534
1701,4/19/91,8:18:00,8,303
1702,6/24/99,14:53:27,37,90
1703,10/20/85,13:56:43,66,976
1704,6/10/85,16:51:17,36,589
1705,7/25/06,14:36:40,96,306
1706,11/29/12,12:10:55,30,449
1707,11/7/81,13:18:21,90,645
1708,2/17/89,17:19:42,94,148
1709,3/23/81,4:10:44,64,431
1710,6/18/85,21:08:39,3,742
1711,2/11/82,22:37:24,63,536
1712,3/4/02,19:53:30,48,77
1713,1/23/93,7:59:06,50,80
1714,3/31/84,2:36:27,44,285
1715,3/21/81,9:01:20,78,592
1716,10/1/88,13:34:08,32,105
1717,12/31/08,18:35:32,82,557
1718,12/1/96,20:07:18,91,358
1719,12/23/99,7:12:07,35,893
1720,12/23/93,15:08:30,76,289
1721,1/30/07,11:52:51,26,919
1722,3/15/89,22:33:05,90,518
1723,11/23/05,10:14:30,82,609
1724,4/19/97,20:04:31,91,487
1725,5/5/13,5:38:54,82,376
1726,2/6/00,17:58:53,18,447
1727,7/21/04,19:35:02,86,821
1728,5/25/85,10:07:04,79,660
1729,11/16/89,23:21:43,26,838
1730,1/27/97,19:20:05,13,874
1731,9/14/85,4:45:08,58,495
1732,5/14/02,18:00:00,80,268
1733,5/3/91,21:57:17,12,957
1734,9/23/00,11:04:57,57,244
1735,10/9/05,14:25:09,78,802
1736,12/3/85,7:32:15,41,261
1737,1/17/80,2:54:11,46,565
1738,6/24/92,10:19:03,2,219
1739,1/18/98,7:41:03,76,667
1740,8/16/92,22:13:04,32,502
1741,10/12/10,23:22:52,68,597
1742,5/13/94,3:28:41,57,21
1743,12/16/82,11:53:41,40,813
1744,2/13/05,21:45:11,7,742
1745,9/17/00,13:00:59,15,602
1746,9/2/99,14:27:58,59,431
1747,10/7/94,10:15:25,96,679
1748,10/26/08,15:20:43,88,353
1749,9/27/92,15:56:37,39,534
1750,10/1/93,21:04:44,85,818
1751,7/20/94,8:18:12,83,283
1752,1/15/02,17:17:01,41,908
1753,3/13/01,14:06:30,36,40
1754,3/11/13,1:22:53,45,670
1755,9/24/13,11:18:56,18,655
1756,7/16/94,12:36:16,5,200
1757,7/24/91,1:00:37,25,72
1758,11/21/88,8:45:30,90,787
1759,1/7/13,10:14:11,31,88
1760,8/22/01,23:29:39,61,522
1761,1/10/90,6:05:52,97,574
1762,6/7/00,19:28:28,6,905
1763,10/10/12,17:08:22,55,498
1764,9/29/84,10:14:09,22,756
1765,1/9/84,19:47:27,44,244
1766,5/21/83,1:04:20,95,934
1767,5/27/10,13:41:35,56,776
1768,4/7/07,7:47:49,82,935
1769,4/7/86,20:40:29,42,449
1770,5/16/94,6:26:04,100,768
1771,2/5/13,7:07:04,97,464
1772,2/17/80,7:34:06,100,898
1773,6/13/08,12:06:05,30,691
1774,5/21/90,10:12:35,17,161
1775,9/28/96,17:04:12,38,959
1776,8/26/92,12:55:16,59,22
1777,9/21/08,23:49:55,98,321
1778,6/22/92,13:21:49,85,419
1779,3/10/90,19:26:05,37,159
1780,5/10/01,5:30:59,25,460
1781,10/14/13,3:15:21,19,998
1782,7/30/04,1:33:00,21,194
1783,9/13/03,18:24:44,81,143
1784,1/11/82,14:05:27,58,660
1785,4/12/08,7:14:28,95,761
1786,2/19/82,15:12:48,74,791
1787,3/9/13,10:10:49,22,732
1788,2/7/97,19:17:03,73,343
1789,12/29/85,2:51:48,28,345
1790,1/27/85,21:19:31,42,364
1791,7/12/85,8:53:48,94,796
1792,10/5/95,10:43:58,48,742
1793,3/22/10,13:42:15,73,475
1794,1/16/12,5:42:50,66,617
1795,2/6/07,3:31:22,15,242
1796,11/23/03,23:53:05,37,798
1797,3/27/01,9:47:15,80,767
1798,4/15/13,16:45:26,78,38
1799,8/18/11,10:47:54,47,354
1800,11/7/84,14:26:20,80,539
1801,4/6/87,23:59:01,54,379
1802,5/26/04,23:51:02,95,816
1803,2/21/96,3:59:46,24,246
1804,2/18/06,13:17:20,16,909
1805,12/3/13,20:32:28,33,409
1806,9/3/07,0:48:55,91,928
1807,3/21/90,13:49:28,28,40
1808,12/4/93,4:43:23,17,165
1809,7/27/10,20:27:46,91,376
1810,11/24/88,13:33:54,44,141
1811,5/10/12,13:45:01,28,734
1812,6/10/98,11:46:49,94,520
1813,7/20/81,3:26:29,46,785
1814,11/29/13,11:45:42,96,35
1815,5/16/98,5:01:48,61,613
1816,10/22/07,7:35:24,46,991
1817,8/15/03,12:10:09,33,852
1818,2/15/06,2:11:14,58,975
1819,4/28/08,5:40:41,44,833
1820,8/11/87,20:46:28,33,204
1821,2/2/84,18:35:55,56,988
1822,6/7/84,19:07:50,98,733
1823,4/3/89,15:14:03,33,717
1824,11/3/05,20:24:41,72,401
1825,1/15/02,15:30:36,48,211
1826,3/25/03,21:07:29,1,181
1827,2/26/83,3:45:37,55,966
1828,5/19/95,13:45:36,88,247
1829,5/8/82,10:14:37,60,50
1830,10/5/95,1:08:25,29,900
1831,3/16/96,23:38:04,54,789
1832,12/11/89,2:21:23,99,871
1833,12/14/94,20:48:57,50,939
1834,3/14/94,0:09:52,11,228
1835,8/11/07,10:22:58,16,757
1836,11/26/11,14:06:12,2,181
1837,6/3/95,0:50:44,73,618
1838,7/2/92,18:30:57,23,303
1839,3/29/85,8:18:58,40,910
1840,11/17/91,6:14:05,23,802
1841,5/5/85,15:01:14,34,220
1842,8/1/13,13:03:52,28,471
1843,11/16/08,16:10:15,42,500
1844,10/14/02,2:24:32,48,863
1845,5/25/06,10:20:36,32,406
1846,11/12/98,17:59:09,24,934
1847,9/28/87,17:02:34,53,838
1848,1/12/94,5:05:39,86,52
1849,4/1/92,0:22:11,82,154
1850,4/7/11,19:24:39,36,634
1851,12/19/90,10:49:47,57,497
1852,6/13/06,23:53:52,40,209
1853,7/2/91,9:30:18,4,350
1854,7/28/11,22:22:24,65,521
1855,11/12/84,13:27:14,34,132
1856,12/2/97,21:56:11,31,154
1857,7/28/02,10:17:04,79,401
1858,2/24/87,4:36:46,62,664
1859,3/7/03,8:53:52,66,157
1860,7/24/03,23:49:33,41,888
1861,6/14/06,10:19:37,24,195
1862,11/25/92,13:29:02,40,769
1863,9/28/02,22:02:56,96,823
1864,1/20/09,0:16:35,5,81
1865,4/2/01,4:35:43,75,530
1866,8/12/04,21:38:58,32,869
1867,9/27/13,6:57:10,53,654
1868,8/14/81,3:41:02,40,494
1869,6/22/09,5:02:13,2,252
1870,6/19/98,4:41:31,42,535
1871,11/25/02,2:09:36,29,164
1872,9/30/91,11:26:40,77,173
1873,4/16/01,17:54:40,47,717
1874,1/18/92,13:31:48,35,341
1875,4/4/01,4:12:17,1,720
1876,7/5/98,8:25:36,80,69
1877,9/28/85,21:43:15,46,701
1878,2/7/05,10:10:00,44,762
1879,5/14/94,23:09:42,68,983
1880,4/4/83,2:10:52,97,211
1881,7/18/99,9:14:24,90,513
1882,7/24/13,9:05:15,15,466
1883,10/8/08,16:01:22,38,960
1884,4/4/99,21:12:50,39,194
1885,7/24/06,4:30:17,23,561
1886,11/4/91,16:43:54,27,852
1887,5/11/87,8:18:40,23,769
1888,1/31/83,15:42:15,66,207
1889,11/13/99,18:46:01,98,752
1890,7/16/07,14:23:26,87,923
1891,5/24/12,19:04:02,100,277
1892,5/19/84,5:29:28,13,207
1893,9/20/07,18:13:49,18,256
1894,4/1/90,18:44:50,51,588
1895,3/7/85,3:34:33,99,43
1896,4/5/87,21:19:32,90,263
1897,11/23/03,18:26:16,62,808
1898,7/31/93,23:08:29,31,64
1899,11/19/84,22:36:40,59,228
1900,7/31/05,13:05:40,50,763
1901,1/6/08,1:28:49,34,687
1902,9/24/83,1:24:56,26,12
1903,4/10/86,10:42:49,96,33
1904,8/29/88,5:25:48,51,919
1905,12/17/89,20:58:32,48,88
1906,12/4/90,12:56:23,78,501
1907,3/13/83,7:26:39,3,406
1908,9/12/83,3:57:06,4,148
1909,4/14/97,11:27:52,12,473
1910,8/15/09,22:28:24,48,930
1911,11/27/83,18:03:53,10,616
1912,12/27/10,10:10:36,2,177
1913,6/7/85,12:19:39,17,114
1914,6/18/81,0:26:25,6,637
1915,4/13/10,4:09:41,22,613
1916,2/4/88,7:05:59,15,226
1917,12/1/09,20:34:28,56,906
1918,2/25/97,22:09:31,89,99
1919,10/19/07,10:33:27,99,638
1920,5/3/12,1:19:13,94,528
1921,10/23/96,13:18:01,22,195
1922,11/13/99,1:00:26,7,911
1923,6/23/82,16:08:39,32,585
1924,3/19/89,15:05:20,83,496
1925,7/11/12,8:12:17,7,911
1926,12/5/09,0:38:15,64,573
1927,7/1/98,15:28:15,70,728
1928,6/22/09,9:15:35,85,770
1929,9/17/08,12:19:18,94,94
1930,10/12/07,11:04:57,29,979
1931,10/18/03,10:07:48,69,501
1932,7/6/99,18:16:56,59,91
1933,10/10/91,13:26:04,93,442
1934,2/14/88,13:26:32,51,780
1935,10/13/96,10:23:53,72,600
1936,7/29/81,17:38:22,40,976
1937,10/7/12,22:45:36,37,632
1938,1/17/00,17:02:11,30,156
1939,11/14/01,20:47:32,51,525
1940,12/25/01,10:07:09,22,892
1941,6/27/90,20:16:57,6,421
1942,7/31/06,20:01:51,86,231
1943,4/21/98,15:29:14,8,348
1944,12/14/07,7:50:25,64,407
1945,1/15/96,19:03:12,34,600
1946,11/29/82,17:18:34,4,976
1947,3/3/92,11:55:11,20,679
1948,8/25/91,2:19:45,36,646
1949,12/11/08,14:28:35,34,821
1950,5/24/06,15:54:48,43,796
1951,12/2/91,0:19:24,53,684
1952,10/19/06,2:36:29,47,102
1953,5/28/82,1:08:04,33,703
1954,11/19/01,15:16:00,32,59
1955,2/23/04,11:22:05,79,515
1956,6/25/86,10:40:43,60,25
1957,8/31/03,10:05:05,81,737
1958,12/31/04,1:19:44,62,153
1959,4/6/88,6:45:12,4,606
1960,5/17/97,22:50:04,72,141
1961,12/19/88,22:03:35,86,210
1962,12/5/04,14:42:41,43,197
1963,2/11/01,14:51:00,36,382
1964,2/18/86,21:43:58,3,601
1965,6/17/10,1:41:47,82,911
1966,1/9/12,1:11:06,36,314
1967,4/3/03,18:00:16,80,483
1968,3/30/84,11:33:12,18,962
1969,12/29/94,3:29:00,16,756
1970,2/13/80,17:27:23,16,693
1971,11/14/90,3:33:11,46,879
1972,1/22/01,10:17:35,69,5
1973,7/9/10,6:06:18,38,724
1974,3/5/02,15:26:42,52,386
1975,3/1/80,18:27:55,71,510
1976,2/23/00,5:53:21,42,752
1977,1/1/85,7:38:17,44,887
1978,12/14/80,7:46:15,5,123
1979,4/30/81,22:11:01,97,480
1980,6/12/83,11:57:03,32,968
1981,1/17/96,2:06:59,63,80
1982,6/15/90,6:04:59,98,847
1983,11/21/05,12:27:19,8,516
1984,11/16/13,13:37:12,64,590
1985,8/1/04,9:35:26,52,110
1986,9/30/11,11:08:43,84,681
1987,3/2/04,19:46:09,92,873
1988,1/14/88,12:52:48,14,252
1989,9/9/82,12:12:43,3,520
1990,12/29/01,3:45:52,10,332
1991,4/9/01,21:35:09,16,924
1992,4/28/91,0:08:29,11,494
1993,5/24/93,13:26:10,61,500
1994,5/9/06,15:48:06,66,50
1995,12/6/97,6:12:11,95,218
1996,5/29/81,18:58:45,58,453
1997,12/22/01,5:07:27,47,707
1998,3/20/96,0:10:45,6,494
1999,1/19/85,11:17:52,49,243
2000,4/28/09,14:02:25,90,951